"id","wk_001","wk_002","wk_003","wk_004","wk_005","wk_006","wk_007","wk_008","wk_009","wk_010","wk_011","wk_012","wk_013","wk_014","wk_015","wk_016","wk_017","wk_018","wk_019","wk_020","wk_021","wk_022","wk_023","wk_024","wk_025","wk_026","wk_027","wk_028","wk_029","wk_030","wk_031","wk_032","wk_033","wk_034","wk_035","wk_036","wk_037","wk_038","wk_039","wk_040","wk_041","wk_042","wk_043","wk_044","wk_045","wk_046","wk_047","wk_048","wk_049","wk_050","wk_051","wk_052"
"000001",72.7,71.8,70.9,70.7,70.3,70.4,69.9,69.9,69.4,69,69.1,68.8,68.8,68.5,68.5,68.7,68.4,68.6,67.9,68.2,68.1,67.7,67.4,67.6,68.2,67.3,67.5,67.8,67.1,67,66.8,67.3,67.3,67.5,66.9,67.1,67.3,67.2,67.2,66.7,66.7,66.6,67.3,66.6,66.9,66.9,66.3,66.3,66.4,66.7,66.5,66.3
"000002",67,66.4,65.4,65.4,64.8,64.6,64.4,63.6,63.1,63.8,63.6,63.8,62.8,63.3,62.7,62.8,62.7,62.5,62.6,62.3,62.4,62.1,62.1,62.1,61.8,62.1,61.8,62.1,61.7,61.5,61.6,61.8,61.6,61.3,61.4,61.9,61.6,61,61.7,60.9,61.1,60.6,61.4,60.8,61,60.9,60.8,61.2,60.4,60.7,60.5,60.7
"000003",80.8,80,79.5,78.9,77.9,78.3,78.3,77.6,76.6,77.1,76.4,76.6,76.5,76.3,76.2,76.1,76.1,75.7,76.2,75.4,75.1,75.4,75.7,75.3,75.1,74.7,74.8,75,74.7,74.7,74.7,74.8,74.5,73.9,74.6,74.6,73.9,74,73.8,73.9,74.1,73.9,74,73.3,73.8,73.9,73.7,73.7,73.8,74.3,73.8,73.9
"000004",81.7,80.6,80.1,79.5,79.4,79.1,78.6,78.9,78.6,78.6,78,78,78.7,77.8,77.6,77.6,77.5,77.7,76.9,76.8,77,77.2,76.4,76.4,76.8,76.7,76.3,76.5,76.6,76,75.7,76.4,76.1,75.6,76,76.1,75.6,75.6,76.1,75.8,75.7,75.8,75.5,75.5,75.1,75.4,75.9,75.7,75,75.2,75.7,75.3
"000005",76.4,75.7,75.4,74.7,74.8,73.8,73.1,73.8,73.4,73.6,73.1,73.1,73.7,73.1,72.3,71.9,72.6,72.5,72.4,72,72.2,72.2,71.6,72.2,71.7,71.6,71.2,71.8,71.5,71.3,71.4,70.9,71.3,71.1,71.4,71,71,71.2,71.3,71.4,71.2,70.8,70.5,71,70.7,70.4,71.1,70.4,70.6,70.3,70.4,70.5
"000006",78.6,77.5,77.3,76.1,76.1,76.1,75.8,75.7,75.6,74.9,75,74.7,74.3,74.3,74.6,74.2,74.5,74.3,74.4,74.2,73.9,74.1,73.7,74,74,73.4,73.2,73,73.2,73.1,73.2,73,73,72.8,73.2,72.9,73.1,72.7,73,72.6,72.2,73,72.8,72.6,72.5,72.8,72,72.2,72.5,72.5,72,72.1
"000007",72.4,71.1,70.7,69.9,69.4,69.6,69.2,68.9,68.5,67.9,68.1,68.1,68.1,67.7,67.9,67,67.3,66.8,67,66.8,66.8,66.7,66.7,66.6,66.9,66.7,65.9,66,65.9,65.8,66.1,65.9,66.2,66,65.9,65.7,65.4,65.8,65.8,65.7,65.6,65.1,65.2,65.8,65.4,64.8,64.9,64.8,65,64.9,65.2,65.1
"000008",82.5,81.4,81,80.4,80.2,79.5,79.4,79.3,79.3,78.5,78.7,78.3,78.5,78.3,78.1,78.3,77.9,77.9,77.4,77.6,78,77.7,77.2,77.3,77.1,77.7,76.9,77.3,77,77.1,77.1,76.6,77.1,76.5,76.9,76.7,76.6,76.6,76.7,76.6,76.6,76,76.1,76.5,76.6,76.2,75.8,76.1,75.6,75.9,75.9,76
"000009",69.9,68.3,68.1,67.4,67.1,66.5,65.9,66.4,65.8,65.6,65.4,65.2,65,64.9,65.1,64.6,64.2,64.1,64.4,64.2,63.5,64,64.2,64.2,64.2,63.9,63.9,63.2,63.4,63.6,63.8,63,63.2,63.5,63.3,63,63,62.4,62.9,62.7,62.6,63.2,62.5,62.1,62.3,63.2,62.7,62.3,63,62.2,62.5,62.4
"000010",78.9,78.3,76.8,77.2,76.4,76,75.9,76,75.4,75.4,75.1,74.4,75,75.1,74.6,74.2,74.2,74,73.9,73.9,74.3,73.9,74.3,74,73.9,73.3,73.8,73.4,73.6,73.2,73.3,73.4,73.1,73.3,73.1,73.3,72.5,73.1,72.9,73.1,72.9,73.2,73.1,73.2,72.8,72.9,72.8,72.4,72.5,72.3,72.2,72.3
"000011",64.4,64,63.4,62,62.2,62.1,62.1,61.7,61.4,61.4,60.6,61,60.6,60.5,60.6,60.9,60.2,60.4,60.1,59.7,59.7,60.3,60.1,59.9,59.6,59.5,59.7,59.9,59.7,59.2,59.4,59,58.4,59.1,59.2,59.3,58.3,59.2,58.5,59.2,58.2,58.6,58.6,58.7,58.6,58.2,58.7,58.1,58.6,58.5,58.6,58.5
"000012",84.2,83.4,82.8,82.3,82.1,82.1,81.5,81.5,81.7,80.7,80.4,80.8,80.5,80.5,80.2,80.2,79.9,80.4,79.8,79.8,79.5,79.8,79.4,79.9,79.5,79.3,79.4,79.2,78.6,79.2,79,78.9,78.5,78.4,78.7,78.3,78.5,78.2,78.7,78.4,78.6,78.5,78.8,78.4,78.6,78.8,78.2,78.1,77.9,78.2,78.2,77.7
"000013",81.5,80,79.5,79.2,78.3,78.1,77.7,77.8,77.4,77.4,76.7,76.7,76.6,76.4,76.3,76.7,76.4,75.9,75.6,75.5,75.9,75.4,75.3,75.3,75.3,75.4,75.6,75.1,74.9,74.7,75.3,74.8,74.4,74.7,75,74.7,74.7,74.8,74.4,74.1,74.8,74.2,74.5,74.2,74.3,73.9,74.3,74,73.9,73.6,74,74.4
"000014",80.8,80.5,79.9,79.7,79.1,79.2,79.1,78.5,78,78.2,78,78,77.6,77.8,77.2,77.2,77.1,77.3,77.7,77,76.8,76.4,76.7,76.8,76.8,76.2,75.9,76.3,76.4,76,76.1,75.8,75.8,76.3,75.8,76.1,76.3,76.3,75.8,75.7,75.4,75.6,75.7,76,75.4,75.6,75.6,75.2,75.1,75.8,75.5,74.9
"000015",71.4,70.5,70.3,69.5,69,69,68.2,67.9,67.7,67.9,67.4,67.6,67,67,66.8,66.7,66.6,66.9,66,66.2,66.8,66.1,66.2,66.1,65.8,65.8,65.8,65.6,65.3,65.6,65.5,65.1,64.9,65.3,65.4,65.3,65,65,65.1,65,64.9,64.4,64.7,64.5,64.7,64.6,64.7,65,64.6,64.4,64.2,64.1
"000016",64.3,62.9,62.1,62.1,61.7,61.5,61.7,61.4,60.8,60.7,61,60.5,60.6,60.4,60.1,59.7,59.5,59.5,59.9,59.5,59.5,59.8,59.3,59.6,59.4,59.2,59.4,59.1,59.1,59,59,58.8,59,58.5,58.4,58.6,58.8,58.6,58.6,58.6,58.3,58.7,58.1,58.4,58.3,58.1,58,58,58.1,58.4,57.4,57.6
"000017",82.2,81.1,80.2,80,79.9,79,79.2,79.1,78.4,79,78.5,78.2,78.2,78.4,78.1,77.7,77.8,77.6,77.1,77.8,77,77.5,77.3,77.3,77,77,76.6,76.9,77.1,76.5,76.7,76.8,76.7,76.7,76.7,75.9,76.3,76.3,76.5,76.1,76.4,76.4,75.9,76.3,76.1,76.3,76,76.3,75.8,75.9,75.7,75.9
"000018",100,98.5,98.2,97.8,97.1,97.2,97.4,96.9,97,96.6,96.2,96,95.7,96.1,95.7,96.1,95.4,95.3,95.1,95.1,95.8,94.6,94.7,94.8,94.8,94.3,94.5,94.6,94.5,94,94.5,94.1,94,94.1,94.3,94.2,94,93.7,93.8,93.8,93.8,93.6,93.8,93.8,93.4,93.7,94,93.6,93.8,93.7,93.2,93.8
"000019",72.5,72.1,71.3,70.9,70.4,69.8,69.8,69.3,69.7,69.4,68.7,68.5,69.3,68.6,68.3,68.1,68.3,68.5,68,68.9,67.8,67.7,68.1,67.8,67.4,67.6,67.4,67.4,67.1,67.5,67.6,66.9,67,66.9,67.1,67.2,66.8,67.2,66.8,66.9,67,66.8,66.8,66.7,66.5,66.7,66.9,66.8,66.9,66.5,66.2,66.5
"000020",63,61.6,61.3,61.2,60.8,60.9,60.3,60.4,60.1,59.2,59.5,59.4,59.1,59,58.9,58.9,58.5,58.7,58.9,58.5,58.7,58.6,58.5,57.9,58.5,57.9,58,58.4,57.8,57.7,57.6,57.5,57.6,57.2,57.1,57.2,57.4,57.6,57.4,57.6,57.2,56.9,56.9,57.1,57.3,57,57.2,57.6,56.8,56.9,57.3,56.6
"000021",67.7,67.1,66.4,65.7,65,65.4,64.6,64.4,64.5,64.5,64.4,64.2,64.2,64,63.6,64,63,63.1,63.7,63,63.3,63.1,63,63,62.9,63,62.8,62.9,62.7,62.2,62.5,62.7,62.5,62.5,62.3,62.5,62.6,62.1,62.3,61.9,62.1,62.2,62,62,62,61.9,61.6,62.1,61.6,62.2,62.2,61.4
"000022",59.3,58.8,57.8,57.3,57.4,56.6,56.3,56,56,55.9,55.6,55.5,55.6,55.2,55,54.5,54.7,54.8,55.1,53.7,54.2,54.4,53.8,54.2,53.7,53.5,53.6,54,53.5,53.5,53.5,53.4,53.1,53.5,53.2,53,53.2,52.9,52.9,52.9,53.2,52.5,53.2,52.8,52.9,52.7,52.9,52.6,52.8,52.6,52.3,52.8
"000023",72.5,71.7,71.1,71.3,70.5,70.2,69.9,70.2,69.6,69.2,69,69,68.5,69.1,68.7,68.6,68.7,68.3,68.3,68,67.9,68.1,68.2,67.5,67.7,67.8,67.7,67.4,67.9,67.6,67.5,67.2,67.4,67.6,67.1,66.9,66.8,66.9,66.7,67,67,67.1,66.5,67.3,66.9,66.5,67,66.7,66.3,66.2,66.6,66.4
"000024",63.2,62.5,62.2,61.5,60.7,61,60.2,60.3,60.5,60.2,59.9,59.8,59.7,59.4,59.3,59.5,58.7,58.5,59,58.7,58.8,58.6,58.4,58.4,58.6,58.6,58.3,58.2,58.4,57.9,57.9,58.1,58.4,57.7,57.8,58.1,57.9,57.4,57.7,57.4,57.7,57.7,57.5,57.8,57.6,57.3,57.2,58,57.4,57.6,57.2,57
"000025",79.4,77.9,78.3,77.4,77.6,77.3,77,76.6,76.1,76.4,75.9,75.7,75.7,75.5,75.5,75.4,75,75.6,75.2,75,75.1,75.2,74.3,74.9,74.3,74.7,74.1,74.6,74.5,74.4,74.4,74.2,74.1,74,74.4,74.3,74,74.1,73.8,73.8,73.5,73.7,73.3,73.9,73.5,73.5,73.5,73.2,73.3,74,73.3,73.4
"000026",85.9,84.7,84.2,83.9,83.8,83.1,83.2,82.7,82.3,82.8,82.2,82,81.9,81.3,81.6,81.3,81.4,81.5,81.5,81.5,81.2,80.7,81.4,81.5,80.8,81.3,80.4,80.6,80.4,81,80.6,80.4,80.5,80.6,80.7,80.2,80,79.9,79.9,80,80.1,79.8,79.6,79.8,79.8,80,79.6,79.6,79.8,79.5,79.7,79.3
"000027",76.7,75.8,75.2,74.4,74.1,73.5,73.7,73.3,73,73,72.7,72.8,71.9,72.4,71.7,72,71.6,71.3,71.8,71.3,71.3,71.2,70.9,71.2,71.1,71.1,70.7,70.8,70.5,70.9,70.3,70.3,70.5,70.5,70.1,70,70.6,69.7,70.2,70.3,69.7,70.2,69.3,69.8,69.2,69.9,69.5,69.6,69.4,69.6,69.8,69
"000028",57.1,56.1,55.8,54.8,54.2,54.6,53.8,53.8,53.8,53.3,53.2,52.8,52.9,53.1,52.6,52.8,52.4,52.3,52.2,52.5,52.2,52.3,51.7,52.1,51.1,51.5,51.8,51.9,51.7,51.7,51.7,51.1,51.4,51.6,51.4,51.2,50.7,50.9,51.2,51.1,51,50.8,51.3,50.9,51.1,50.6,50.8,50.2,50.9,50.6,50.5,51
"000029",62.2,61.5,61.2,60.7,60.2,59.7,59.5,59.2,59.2,58.9,58.9,58.8,58.7,58.2,58,58.1,58.2,58,58.2,57.7,57.3,58,57.3,57.6,57.9,57.4,57.4,57.3,57.1,56.9,57.2,57,56.9,56.8,56.7,57.5,56.2,56.6,56.7,56.5,56.2,56.5,56.7,56.3,55.8,56.2,56.4,56,56.2,56,56.2,56.2
"000030",72.7,72,71.3,70.6,70.1,69.7,70,69,68.8,68.5,69,68.6,68.7,68.6,68.3,68.1,67.7,68.2,68.1,67.5,67.4,67,66.7,67.3,66.9,66.8,66.9,66.7,66.9,66.8,66.9,66.6,66.6,66.2,66.6,66.5,66.1,66.2,66.3,66.1,65.9,65.9,66.2,66.2,65.4,65.7,65.5,65.6,65.8,65.7,65.2,65.8
"000031",74.7,73.4,72.9,72,72.4,71.6,71.4,71.7,71.2,70.8,70.6,70.3,70.6,70.4,70.3,70,70.5,70.1,69.5,69.8,69.7,69.3,69.3,69.4,69.6,69.5,69.5,69.5,69.3,69.5,68.7,68.8,69,68.9,68.8,68.9,68.8,69.1,68.3,69.1,68.6,68.7,69,68.8,68.5,68.5,68.3,68.5,68.5,68.3,68.1,68.4
"000032",83.2,82.4,82.1,81.2,81.2,81.4,80.7,80.1,80.9,80,80.1,79.4,79.5,79.5,80.2,79.2,79.1,79.2,79.3,78.6,78.9,78.9,78.5,78.5,78.5,78.1,78.7,78.2,78.3,77.8,78.2,78.4,78.4,78.3,78,77.9,77.7,77.8,77.6,77.4,78,77,77.5,77.6,77.7,77.6,77,77.4,77.1,77.4,77.4,77.2
"000033",87.8,86.9,86.3,85.5,85.3,85.3,85.2,84.7,84.4,84.7,83.9,84.3,83.9,83.9,83.9,83.6,83.8,83.4,83.5,83.3,82.6,82.8,82.8,82.9,82.5,83,82.7,82.7,82.4,82.5,82.6,82.3,82.1,82.2,81.9,81.9,82.1,82.2,81.8,82.2,81.9,81.3,82.1,82.1,81.8,81.9,82.1,81.4,81.6,81.3,81.5,81.5
"000034",75.5,74.4,73.6,74,73,72.7,72.4,72,72.5,72.4,71.3,71.8,71.5,72,71.8,71,71.6,71.5,71.3,70.8,70.9,70.8,70.8,70.8,70.2,70.2,70.3,70.7,70.4,70.1,70.2,70,70,70.2,70,69.7,70,69.7,69.6,69.6,69.6,69.6,69.8,69.8,69.2,69.2,69.4,69.2,69.4,69.4,69.8,69.2
"000035",70.1,69.6,68.4,68.4,68.2,67.5,67.2,66.9,66.7,66.5,66.5,66.7,66.1,65.8,65.8,65.7,65.3,65.7,65.5,65.5,65.7,65,65.4,64.7,64.9,65,65,64.7,64.5,64.9,64.8,65,65,64.5,64.3,64.4,64.3,64.5,64.6,64.5,64.2,64.6,64.2,64.1,64.6,64.3,63.9,63.9,64.7,63.9,64,64.1
"000036",91.5,90.9,89.8,89.9,89.6,89.1,88.6,88.4,88.1,88.2,87.6,87.4,87.6,87.5,87.1,86.6,87.4,86.6,86.8,86.6,86.5,86.3,86.9,86.5,86.3,86.4,86.3,86.1,85.8,85.8,85.7,86.1,85.9,85.6,86.2,85.8,85.9,85.9,85.6,85.4,85.9,85.5,85.8,85.4,85.3,85.1,85.4,85.5,85.6,85.2,85.6,85.1
"000037",64.4,63.2,62.7,61.7,61.6,61.4,61.3,61.1,61.1,60.4,60.1,60.4,60.7,59.9,59.6,59.9,59.6,59.7,59.8,59.1,59.7,59.3,59.5,58.9,59.1,59.6,58.9,58.8,59,58.6,58.6,58.5,58.6,58.6,58.4,58.2,58.6,58.4,58.5,58.2,57.9,58,57.7,58.7,58.7,58.4,58.2,57.6,57.6,58.1,58,57.5
"000038",76.8,75.8,75.1,74.5,74.6,74.4,73.9,74,73.1,73.4,72.9,72.4,72.9,72.7,72.9,72,72.3,72.5,72,72.2,72.1,72,71.6,72.1,71.8,71.5,71.5,71.4,71.2,71.1,71.3,71.3,71.3,70.7,70.6,71,70.8,70.6,70.7,70.8,70.9,71.3,70.1,70.4,70.6,70.6,70.7,70.7,70.6,69.7,70.4,70.4
"000039",86.5,85.4,84.8,85.3,84.6,84.1,83.7,83.4,83.4,83.4,83.2,83.2,82.9,82.3,82.7,82,82.5,82.2,82.7,82.2,81.6,81.6,81.6,81.6,81.7,81.8,81.5,81.4,81.6,81,80.9,81.3,81.5,81,81.5,81.3,80.8,80.9,80.8,80.8,80.8,80.7,81.1,80.8,81,80.7,81,80.7,80.2,80.4,80.7,80.2
"000040",70,69.3,68.7,68.2,68.1,67.7,67.5,67,66.7,67.1,66.9,66.5,66.7,65.9,66.1,66.3,65.9,66,66.3,65.8,65.4,65.4,65.6,65.3,65.5,65.1,64.8,65.2,65,64.8,64.9,64.9,64.5,64.8,64.4,64.7,64.3,64.5,64.7,64.4,64.5,64.3,64.4,64.2,65,64.1,64.4,64.7,64.1,64.6,64.1,64.4
"000041",74.6,73.8,73.6,73.8,72.4,72.2,72,71.8,71.8,71.8,71,70.9,71.1,71.4,71,70.8,70.6,70.9,70.8,70.3,70.7,70.2,70.2,70,70,70,69.8,69.7,69.4,69.9,69.7,69.5,69.5,69.9,69.4,69.4,69.3,69.3,69.1,69.3,69.2,68.9,69.3,68.9,68.9,68.7,69,69.1,69.4,69,68.9,69
"000042",87.1,86.1,86,85.6,84.7,84.3,84.3,84.5,83.5,83.2,83.9,83.1,83.2,83.5,83.1,82.8,82.6,82.9,82.5,82.1,82.8,82.3,82.2,82.5,82.1,82.6,82.3,82.2,82,81.8,82.2,81.5,81.5,81.6,81.5,81.8,81.7,81.6,81.5,81.1,81,81.8,81.1,81.2,81.6,81,81,80.8,81,81.1,80.9,80.8
"000043",62.2,62.6,61.3,60.9,61,60.3,60,60,59.8,59.7,59.5,59.2,58.3,58.6,59,58.5,58.5,58.1,58.1,58.5,58,58.2,57.8,57.9,57.9,57.7,57.4,58.1,57.5,57.6,57.2,57.1,57.4,57.4,57.5,57.4,57.4,57.3,57.1,57.1,57,57,56.5,56.8,56.9,56.7,56.5,56.7,56.4,56.8,56.6,56.9
"000044",88.9,88.4,87.4,87.7,87,86.6,86.6,86.4,85.8,85.7,85.3,85.5,85.6,85.1,85.2,85,84.4,84.7,84.7,84.5,84.4,84.7,84.5,84.5,84.1,84.5,84.7,84,83.8,84,83.9,84,83.9,83.8,84,83.5,83.6,83.7,83.5,83,83.1,83.4,83.2,83.5,83.6,83.7,83.1,82.4,82.9,83.4,82.8,83.3
"000045",87.3,86.8,85.7,85.2,85.2,85,84.5,84.3,83.9,83.7,83.9,83.3,83.5,83.3,82.9,82.4,83,82.8,83.3,82.6,82.9,83,82.5,82.5,82.2,82.6,82.3,82,81.8,81.6,82.2,82,81.2,82.1,81.8,81,81.8,81.1,81.5,81.8,81.3,81.5,81.3,81.4,81.4,81.3,81.7,81.4,81.2,81.3,80.8,81.4
"000046",79.1,77.9,77.9,77.5,77,76.7,76.9,76,76.3,75.5,75.6,75.4,75.6,75,74.8,74.9,75.2,74.7,74.7,74.6,74.5,74.4,74.4,74.7,74.2,74.1,74.1,74.4,74.3,74,74.1,73.7,73.6,73.5,73.8,73.9,73.6,74,73.9,73.6,73.4,73.3,73.5,73.2,73.6,73.1,73.2,73.4,73,73.4,72.8,73.3
"000047",69.8,69.2,68.3,68.3,68.2,67.5,67.4,67,66.7,66.5,66.8,66.1,66.6,65.9,66.4,65.6,65.6,65.7,65.2,65.4,65.3,65.3,65.2,65.5,65,64.3,65.1,64.8,64.9,64.5,64.9,65,64.2,64.9,64.1,64.5,64.7,64.6,64.1,64.2,64.5,64.3,63.9,64.3,63.9,64.6,64.3,63.7,63.8,63.7,64,64.1
"000048",73.4,72.7,72.4,71.9,71.3,71.4,71.3,70.5,70.7,70.5,70.3,69.8,70.3,69.3,69.6,69.5,69.7,69.2,68.9,69.1,69.4,68.5,69,68.8,69.1,68.9,68.6,69,68.4,68.5,68,68.5,68.2,68,68.1,68.1,67.8,67.7,68.1,68.3,68.1,67.5,67.7,67.8,67.6,67.5,67.4,67.1,67.6,67.4,68,67.5
"000049",96.4,95.8,95.3,94.4,94.6,93.7,93.6,93.6,93.2,93,93.1,92.4,92.3,92.4,92,91.9,92.6,91.9,91.6,91.7,92,91.7,92.1,91.5,91.5,91.8,91.5,91.4,91.2,91.6,91,90.8,89.9,91.2,91,90.6,90.5,90.8,90.8,90.3,90.5,90.7,90.5,89.8,90.4,90.3,90.4,90.6,90.2,90.4,90,90.2
"000050",92.3,91.3,91,90.1,90.1,89.6,89.6,89,89.3,88.9,88.6,88.5,88.3,88.1,88.3,88.3,87.6,87.7,88,87.4,87.8,87.3,87.5,87.5,87.1,87.3,86.7,86.9,86.6,87.1,86.9,86.6,86.9,86.6,86.2,86.7,86.5,86.7,86.5,86.1,86.4,86.3,86.1,86.2,86.1,86.4,85.8,86,86,86,85.6,86.2
"000051",87.1,86.8,86.5,86,85.2,84.8,84.5,84.5,84.8,84.2,84.3,84.3,83.6,83.3,83.6,83.2,83.3,83.5,83.2,83.2,83.2,82.9,82.8,83.2,82.9,82.5,82.8,82,82.6,82.9,82.9,82.3,82,82,82.2,82.2,81.9,82.2,82.1,81.8,82.4,82.2,81.8,82.1,81.6,81.9,81.5,81.7,81.8,81.5,81.9,81.5
"000052",72.6,71.4,70.6,70.5,69.9,70.2,69.8,69,68.9,69.2,68.9,69.2,68.6,68.5,68.7,68.4,68,67.9,67.7,68.4,68.2,67.6,67.8,67.3,67.6,67.7,67.2,67.3,67.3,66.7,66.5,66.9,66.8,66.9,66.8,66.8,67,66.8,66.9,66.4,66.8,67.1,66.8,66.4,66.9,66.7,66.4,66.1,66.4,66.8,65.9,66.3
"000053",61.6,60.5,60,59.6,59.7,59.2,58.9,58.7,58.8,58.5,58.2,58.2,58.3,58.2,57.6,57.8,57.3,57.9,57.1,57.1,57.2,57.6,57.2,57,57.2,56.8,57.1,56.7,56.7,56.9,56.5,56.2,56.3,56.1,56.1,56.4,56.7,56.4,56.4,56.2,55.8,55.5,55.9,56,55.8,55.7,55.8,55.9,55.8,56,55.6,55.5
"000054",74.2,73.4,72.8,72.5,71.9,71.7,71.4,71.4,71.2,71.3,71,70.6,70.8,70,70.4,70.2,70.4,69.7,70.2,69.6,69.7,69.6,69.7,69.7,69.9,69.5,69.5,69.2,69.1,69.3,69.3,69,69.4,68.7,69,69.3,69.1,68.5,68.4,68.8,69,68.9,68.5,68.7,68.2,68.3,68.2,68,68,68.3,68.5,67.7
"000055",53.8,52.9,52.6,51.7,51.3,51,50.8,50.5,50.7,50.1,50.1,50.4,49.5,49.8,49.9,49.4,49.2,49.3,48.7,49.5,48.8,49,49.2,48.9,48.8,48.9,48.7,48.9,48.7,48.4,48.6,48.7,48,48.2,48.4,48.1,48.4,48.1,47.9,48.2,47.7,47.9,47.8,47.9,47.5,48,48.1,47.7,47.9,47.4,47.8,47.6
"000056",64.4,63.3,62.4,62.1,61.4,60.9,61.2,60.8,60.3,60.4,60.4,59.9,59.6,60,59.6,59.4,59,59.4,59.1,58.6,58.8,58.3,59,58.2,58.4,58.2,58.5,58.4,58.2,58.4,58.2,57.7,57.9,57.9,57.7,57.8,58,57.6,57.6,57.7,57.3,57.3,57.2,57.5,57.2,57.1,57,57.3,57.1,57,57,57
"000057",65.6,64.7,64,63.6,62.8,63,62.9,62.8,62.6,62.2,61.7,61.8,62,61.8,61.3,61.3,61.8,60.8,61,60.7,60.6,60.5,61.1,60.9,60.7,60.8,60.6,60.4,60.2,60.5,60.4,60.2,59.7,60,59.6,59.9,60,59.6,59.8,59.7,59.7,59.6,59.5,59.4,59.5,59.1,59.4,59.6,59.4,59.5,59.1,59.4
"000058",56.2,55.4,54.6,54.1,53.8,53.7,53.3,53,52.7,52.9,52.3,52.9,52.6,52.2,52.1,51.8,51.9,52.2,51.5,51.7,51.7,51.6,51.4,51.5,51.8,51.1,51.1,51.1,50.9,50.6,51.1,50.7,51.1,50.4,50.7,51.4,50.7,50.8,50.3,50.5,50.5,50,50.1,50.2,49.8,50.2,50,50,50.3,50.3,49.7,50.2
"000059",90.3,89.2,88.5,88,88.4,87.2,87,87.2,86.7,87.2,87.3,86.4,87.1,86.7,86.3,86.2,86.4,86,85.8,86,85.7,85.4,85.7,85.3,85.4,85.2,84.7,85.4,85.4,84.9,85.1,85.1,84.5,84.7,84.7,84.6,84.7,84.4,84.6,84.6,84.6,84.7,84.3,84.4,84.3,84,84.3,83.9,84,84.4,84,84.1
"000060",92.1,91,91,89.7,89.5,89.3,89,88.8,88.7,88.5,88.3,87.9,88.3,88.1,88,87.6,87.4,87.5,87.7,87.7,87.1,87.2,87.1,87,87.1,86.7,86.9,86.9,87,86.7,86.3,86.8,86.2,86.2,86.3,86.1,86.4,86.8,86.3,86,86.1,86.4,86.1,85.8,85.7,85.9,85.8,86.1,85.9,85.8,85.8,85.3
"000061",79.6,79.5,78.3,78.2,78.1,77.4,77,76.9,77.3,76.6,76.4,76,76.5,76.5,75.7,76.2,75.9,75.5,75.1,75.3,75.3,74.9,75.4,75.3,75.1,75.6,75,75,75,74.5,74.9,74.6,74.6,74.9,74.3,74.5,74,74.3,74.2,74.2,73.7,73.9,73.9,73.7,74.2,73.8,73.7,73.8,74.1,74.1,73.7,73.6
"000062",85.8,84.9,84.6,84,83.4,83.3,83.2,82.7,82.7,82.3,82.2,82,82.4,81.9,81.6,81.3,81,81.5,81.5,81.5,81.2,81.6,81,81.2,81.4,80.6,80.2,80.9,80.9,80.3,80.5,80.6,80.3,80.5,80.2,80.2,80.1,79.9,80.2,80.3,80.4,80,79.9,79.7,79.3,79.5,79.8,79.7,79.7,79.7,79.9,80.1
"000063",74.1,73.2,72.2,71.7,71.2,71.1,70.4,70.5,70.7,69.6,69.9,69.7,69.5,69,69.1,68.5,69.1,69,68.5,68.8,68.6,68.7,68.5,68,68,68.3,68.1,68,68.1,67.9,67.5,67.5,67.6,67.3,67.3,67.3,67.2,67.2,67.4,66.9,67.6,67.2,67.1,67.1,66.8,66.4,66.9,66.7,66.8,66.7,66.5,66.8
"000064",78.5,78.2,77.6,76.6,76.8,76.3,76.2,75.8,75.7,75.7,75.7,75.1,75,74.7,74.6,74.6,74.7,74.3,74.8,73.9,74.2,74.4,73.9,73.8,74.2,73.8,73.3,73.7,73.6,73,73.4,73.6,73.5,73.7,73.4,73.4,73.2,73.2,73.4,73.6,73.5,72.5,73.3,73.3,72.5,72.8,72.7,72.8,72.7,72.3,71.9,72.6
"000065",69.3,68.4,67.4,66.9,66.9,66.9,66.4,66.1,65.9,65.9,65.9,65.8,65.5,65.3,65.2,65.3,64.9,64.8,64.6,64.7,64.3,64.6,64.5,64.3,64,63.7,64.1,64.1,64,63.7,63.4,64,63.8,63.4,63.5,63.4,63.5,63,63,63.7,62.7,63.1,63.2,63.3,63,63.1,62.7,63.3,63,63.4,63.4,62.9
"000066",75,74.2,73.2,72.7,72.1,72.1,72.5,71.7,71.5,71.8,71.3,71,70.9,70.6,70.6,70.8,70.8,70.4,69.9,70.2,70.3,69.7,69.7,70.5,69.4,69.7,69.6,69.9,69.7,69.5,69.2,69.1,69.6,69.1,69.5,69.1,69,69.2,69.6,69.1,68.9,68.7,69.3,68.8,68.9,68.8,69.1,68.4,68.8,68.5,68.8,68.6
"000067",75.4,74.7,73.8,73.6,73.5,73.3,73.2,72.6,72.2,72.5,71.8,71.9,71.9,71.5,71.3,71.6,71.6,70.9,71.4,71.4,71,71.1,71.1,70.7,70.5,70.7,70.6,70.5,70.6,70.2,70.3,70,70.1,69.5,69.7,70,70,69.6,70.1,69.8,69.8,69.7,69.8,69.9,69.7,69.4,69.7,69.7,69,69,69.6,69.4
"000068",65.1,64.5,64,63.4,63.3,63.4,62.5,62.9,62.3,62.1,61.9,61.9,61.8,61.9,61.1,61.4,62,61,61.1,61,61.1,60.4,60.5,60.7,60.2,60.4,60.4,59.9,60.1,60.3,60.1,60.5,60.1,60.1,60.1,60.1,60.3,59.3,59.7,59.5,59.5,59.6,59.9,59.6,59.9,60.1,59.4,59.6,59.2,59.6,59.1,59.6
"000069",81.5,80.4,80.2,79.7,78.7,78.8,78.4,78.2,77.9,78.4,78,77.9,77.9,77.1,77.6,76.7,77,77.7,77.2,76.5,76.8,76.6,76,76.4,76.1,76.3,76.1,76.1,76,76.2,76.1,75.6,75.5,75.5,75.9,75.9,76,75.6,75.6,75.9,75.6,75.4,75.6,75.7,75.4,75.8,75.8,75,75.3,75.1,75.2,75.3
"000070",72,71.5,70.4,70.3,70.1,69.2,69.2,68.8,69.2,68.6,68.9,68.4,68.2,68.2,68.3,68.1,68.1,67.8,67.6,67.9,67.7,67.4,67.3,67.2,67,67.1,67.5,67.2,67.3,67,66.7,67,67,66.3,66.8,67,66.2,66.6,66.9,66.6,66.8,66.3,66.6,66.6,66.3,66.7,66.6,66.3,66.5,66.2,66.3,66.3
"000071",69.4,69.2,68.5,67.7,67.1,67.4,67,66.6,65.5,66,65.8,65.8,65.6,65.5,65.6,64.8,64.9,64.7,64.8,64.9,64.8,64.8,64.4,64.2,64.1,64.2,64.7,63.5,63.9,63.9,63.8,63.9,64.2,63.7,63.6,63.2,63.6,63.8,63.2,63.4,63,63.1,63,63,63,63.1,62.8,62.5,62.9,62.3,62.9,62.8
"000072",95.2,94.5,93.9,93.1,93.8,93.4,92.6,92.7,92.2,92,92.2,91.5,91.4,91.5,91.6,91.3,91,90.8,90.9,91.4,91.1,90.8,90.3,90.4,90.7,90.5,90.1,90.5,90.2,90.2,90,90.4,89.9,90.4,89.9,90,90.2,90,89.9,89.3,89.2,89.7,89.5,89.1,89.7,89.5,89.7,89.5,89.2,89.7,89.6,89.5
"000073",87.2,86.7,85.9,86,85.1,85.2,84.6,84.4,84.4,84,84.1,84.7,84.3,83.7,83.7,83.4,83.4,83.4,82.9,83.2,83.1,83,83,82.6,82.8,82.6,82.4,82.7,82.7,82.2,82.6,82.2,82.7,82.4,82.2,82.2,81.8,82.6,82,82.4,81.6,81.8,81.7,82,81.8,82,81.4,80.9,81.5,81.3,81.4,81.4
"000074",96.8,95.8,95.6,95.1,94.9,94.4,94.7,94.2,93.7,93.8,93.2,93.5,92.9,92.5,93,93.5,92.4,92.6,92.6,92.5,92.3,92,92.4,92.4,91.7,91.9,91.9,92.1,91.6,91.7,91.9,91.1,91.3,91.5,91.5,90.8,91.1,91.5,91.3,90.9,90.6,90.7,90.8,90.7,91,90.7,90.8,91.3,90.8,90.8,90.8,90.7
"000075",75.7,74.6,73.9,73.6,72.9,73,72.4,72.6,72,71.3,71.5,71.5,71.3,71.1,70.8,71.2,70.7,70.7,70.4,70.4,70.3,69.8,70.2,70,69.6,69.6,70,69.7,69.3,69.8,70.3,69.9,69.5,69.1,69.6,69.3,68.5,69.3,68.9,68.6,69.3,69.2,69.1,69.3,68.9,68.6,68.8,68.6,68.4,68.5,68.5,68.3
"000076",54.3,53.2,52.9,52.1,51.4,51.8,51.4,51.7,50.6,51,50.6,50.7,50.3,50.2,50.3,50.2,50.2,49.5,49.2,49.8,49.7,49.3,49.4,49.3,49.1,49.6,49.7,49,49,48.9,48.5,48.5,49.3,48.9,48.7,48.8,48.2,48.7,48.5,48,48.5,48.6,48,48,48.5,48.3,47.9,48,48.6,47.6,47.5,47.8
"000077",74.6,74.2,73.8,73.5,72.3,72.2,72.3,71.8,71.6,71.6,71.7,71.4,71.5,70.9,71.6,70.9,70.5,70.6,70.4,70.4,70.2,70.7,70.3,69.9,70,69.8,70.4,70.1,70.2,69.9,70.1,69.7,69.8,69.8,69.7,69,69.1,69.4,69.6,69.7,69.2,69.1,69.4,69.3,69.4,69.1,69.3,69.2,69.3,69,69,69
"000078",69.9,68.9,68.2,67.3,66.9,67,67,66.5,65.8,66.3,65.6,65.9,65.7,66,65,65.1,64.9,65.1,65.3,64.9,64.6,65,65,65.1,64.7,64.6,65,63.9,63.5,64.5,64.7,64.3,64.3,64.3,64.2,64.3,63.7,63.5,63.7,63.8,63.5,63.7,63.8,63.9,63.6,63.6,63.4,63.3,63.4,63.7,63.3,63.1
"000079",80.3,79.6,78.5,78.9,78.5,77.4,77,76.8,77.1,76.8,77.1,76.2,76,75.8,75.6,75.3,75.6,75.1,74.9,74.9,74.9,75.4,74.7,74.8,74.8,74.7,74.3,74.8,74.3,74.7,74.2,74.6,74,74.1,74,74.3,74.2,74,73.8,73.8,73.8,73.6,73.4,73.6,73.3,73.7,73.2,73.3,73,73.9,72.9,73.2
"000080",74.3,74.2,73.2,72.2,72.3,71.8,71.3,71.7,71.5,71.2,71,70.8,70.8,70.5,70.7,70.1,70.3,70.4,70.4,69.8,70.2,70.1,70.1,69.6,69.7,69.4,69.2,69.4,68.9,68.9,69.2,69.2,69.1,69.2,68.4,68.9,69.1,69.1,68.8,68.8,68.7,68.7,68.8,68.9,68.5,68.6,68.2,68.7,68.4,68.7,68.6,68.1
"000081",72.4,71.3,70.5,70.1,69.6,69,69,68.8,68.6,68.1,68.3,67.8,67.8,67.5,67.5,67.6,67.3,67.1,66.7,67.1,66.7,67.4,66.3,66.4,66.6,66.1,66.4,66.4,66,65.6,65.8,65.7,65.9,66.4,65.8,65.6,65.4,65.3,65.6,65.2,65.3,65.7,65.2,65.2,65.4,65.3,65,64.9,65.1,64.9,65.1,64.8
"000082",83.9,82.7,82.8,82,81.9,81.3,81.3,80.6,80.6,80.8,80.7,80.4,80.4,80.2,80.3,79.4,79.7,79.8,79.9,79.2,79.5,79.1,79.3,79,79.1,79.1,79.1,78.6,78.5,78.6,78.7,78.3,78.6,78.6,78.6,78.5,78.3,78.5,78.2,78.5,78.2,78.5,78.2,78,78.2,78.2,78.1,77.9,77.7,77.6,78.2,77.5
"000083",79.6,78.7,77.7,77.7,77.1,77,76.3,76.3,76,76.2,75.6,75.8,74.9,75,74.9,75,74.5,74.6,74.2,74,74.5,74.5,74.4,74,73.6,74.2,73.8,74,73.5,73.6,73.1,73.2,73.4,73.5,73.3,73.2,73.4,73,73.5,72.9,73.1,73,72.8,72.9,72.5,72.6,72.1,73.1,72.7,72.6,72.8,72.2
"000084",86.8,85.6,85.3,84.7,84.6,84.6,83.6,83.3,84,83,83,83.1,82.7,82.9,82.7,82.4,82.7,82.1,82.1,82.3,82,81.7,82,81.8,81.8,81.4,82,81.7,81.6,81.6,81.3,81.5,80.8,81.6,81.2,80.9,81.3,81.3,80.7,80.7,81,80.9,81.1,80.2,80.8,81,80.4,80.8,80.6,80.7,80.6,80.2
"000085",55.5,55.1,54.3,53.4,53.1,52.6,52.5,52,52.4,51.7,52,51.9,51.4,51.5,51.1,50.8,51,50.9,50.8,51.1,50.5,51.3,50.8,50.7,50.4,50.7,50.3,49.9,50,50.3,50.2,49.7,49.9,50.2,49.5,49.9,49.7,49.5,49.8,49.2,49.4,49.7,49.7,49.4,49.5,49.2,49,49.3,49,49.3,49.3,49.5
"000086",67.7,66.6,66.2,65.7,65.6,65.2,64.7,64.6,64.3,64.8,64.6,64.3,64.2,64.1,63.7,63.8,63.1,63.4,63.2,63.4,63.3,63.3,62.4,63,63.2,62.7,62.8,62.9,62.6,62.7,62.5,62.6,62.2,62.5,62.7,62.4,61.9,62.1,62.3,62.4,61.8,61.8,62.1,62.5,61.8,61.7,61.8,61.8,61.8,61.7,61.4,61.3
"000087",58.9,57.7,57.8,57,56.5,55.7,56.3,55.7,55.5,55.6,55.1,55.1,54.8,54.7,54.5,54.7,54.4,54.3,54.1,54.2,54.1,53.8,53.6,53.8,53.5,53.4,53.9,53.7,53.5,53.4,53.5,53.2,53.6,53.5,53.5,53,53.1,53.1,53.2,53,52.9,52.9,52.8,52.9,52.4,53.6,52.8,53,52.9,53.1,52.4,52.3
"000088",67.7,66.5,65.9,65.7,64.5,64.8,64.3,64.5,64.2,64.1,63.3,63.3,63.6,63.7,63,62.8,63.4,62.6,62.8,62.6,62.5,63.2,62.6,62.2,62.4,62.7,61.9,62.6,61.9,62.1,61.8,62.2,62.3,61.8,61.6,61.8,61.3,61.5,61.9,62,61.4,61.3,61.3,61.5,61.5,61.2,61.4,61.3,61.1,62,61.2,61.3
"000089",75.3,74.6,73.8,72.7,72.7,72.6,72,71.8,71.3,71.6,70.9,71.3,70.4,70.9,70.3,70.4,70.4,70.2,70.1,70.5,69.4,70,69.5,69.7,69.7,69.4,69.6,69.4,69.6,68.9,69.2,68.8,69.2,69.1,69.1,69,68.8,68.2,68.4,68.7,68.3,68.8,68.7,68.2,69.1,68.4,67.9,67.5,68.3,68.5,68.5,68.4
"000090",61.3,60.4,60,59.5,59.1,58.9,58.1,58.4,58.1,57.6,57.4,57.1,57.2,57.2,57,56.9,56.8,57,56.8,56.4,56.5,56.5,56.5,56,56.3,56.2,56.2,56.2,55.7,56,55.5,55.8,55.6,55.8,55.8,55.6,55.7,55.4,55.8,55.2,55.3,55.6,55.1,55.5,55.4,55.7,55.6,54.7,55.2,55.2,55.1,55
"000091",80.4,79.3,79.5,78.4,78.1,77.2,77.6,77.5,77.2,77.1,77,77.1,76.4,75.9,76.5,76.4,75.8,76,76.2,76.2,75.8,75.8,75.9,76.3,76,75.4,75.6,75.8,75.1,75.5,75.2,75,75.2,75.1,74.8,75,75.1,75,74.8,74.7,74.7,75,74.8,74.6,74.5,75.1,74.6,74.2,74.4,74.5,74.8,74.2
"000092",90.5,89.3,88.9,88.9,88.1,87.8,87.5,87.5,87.3,87.2,87.2,86.7,86.6,86.5,86.1,85.9,86,85.7,86,85.5,85.7,85.3,85.4,84.8,84.5,85.5,85,85.1,84.9,85,84.8,84.6,84.3,84.9,85.4,84.7,85.1,84.5,84.6,84.7,84.8,84.5,84.2,84.6,83.9,84.4,84.5,84.3,84.3,84.3,84.3,84.1
"000093",75.2,74.8,74.3,74,73.3,73.2,73.1,72.7,71.9,72.5,72.5,72.2,71.5,71.9,71.8,71.4,71.6,71.3,71.2,70.9,70.8,71,70.8,70.8,70.7,70.9,70.5,70.1,70,70.6,70.7,69.9,70.5,70.3,70.3,70.2,70.1,70.1,69.6,69.9,70,69.5,69.6,69.4,69.4,69.5,69.5,69.4,69.3,69.7,69.7,69.4
"000094",64.1,62.8,63.3,61.9,61.5,61.3,61.2,61.2,61.2,60.4,60.1,60.3,60.1,60,60,60.2,60.3,59.8,59.9,59,59.5,59.5,59.5,59.5,59.2,58.7,59,58.9,58.6,58.4,58.9,58.8,58.6,59,58.8,58.1,58.3,58.2,58.1,58.3,58.7,58.3,58,57.8,58,58,58.1,57.4,58.5,58.3,57.7,58
"000095",85.6,84.9,84.7,83.9,83.3,83.4,83,83,82.9,83.1,82.4,82.6,82.1,82.6,81.8,81.7,81.5,82,81.4,81.5,81.4,81,81.5,81.3,80.9,81,80.4,81.3,80.4,80.7,80.6,80.3,80.5,80.3,80.6,80.2,80.6,80,80.5,80.2,79.9,80.3,80.7,80.1,80,79.8,80.2,80.6,79.8,79.6,79.7,79.5
"000096",86,85.1,85,84.7,84.1,83.9,83.2,83.2,82.9,83.1,82.8,82.7,82.6,82,82.1,82.3,81.6,82.3,81.8,81.7,81.5,81.7,80.8,81.3,81.1,81.1,81.2,80.7,80.7,80.7,80.8,80.7,80.8,80.5,80.6,80.9,80.5,80.8,79.9,80.2,80.5,80.1,80.6,80.3,80.1,80.1,79.8,80.6,80.6,80.4,80,80.2
"000097",80.1,79.3,78.7,78.1,78.1,77.6,76.8,77.5,76.8,76.8,76.8,76.8,76.1,76.3,75.6,75.9,76,75.6,76,75.6,75.6,75.2,75.4,75.2,75.2,75,75.1,74.8,74.9,74.8,75.1,75,74.5,74.7,74.5,74.6,74.6,74.4,74.5,74.4,74.3,74,74.3,73.8,74.6,73.9,74.2,74.2,74.2,73.8,74.5,74.4
"000098",65.1,64.5,63.8,63.7,63,62.8,62.4,62.5,61.6,62.2,61.8,61.4,61.5,61.3,61.3,61,61,60.5,60.8,60.7,60.9,60.2,60.6,60.1,60.4,60.5,60.6,60.2,60.4,60.2,59.9,60.3,60,60.1,60,59.6,59.6,59.5,59.7,59.3,59.6,59.5,59.6,59,59.3,59.4,59.4,58.7,59.1,59.3,59.3,59.2
"000099",70.8,69.9,69.3,69.1,68.3,68.5,68,67.6,67.7,67.7,67.1,67,66.6,67.2,66.6,67,66.1,66.5,66,66.3,66.3,65.7,65.6,66.4,65.7,66.3,65.5,65.5,65.7,65.6,65.4,65.4,65.3,65.3,65.2,65.8,65.7,65.1,65.4,65.1,65.1,65.3,64.7,65,64.7,64.6,64.5,64.9,64.8,64.2,64.7,64.5
"000100",90.6,89.4,88.8,88.5,88.4,88.2,87.9,87.9,87.4,87,87,86.8,87.1,86.9,86.7,86.4,86.6,86.4,85.8,85.9,86.3,86,85.5,85.9,85.7,85.8,85.4,85.6,85.3,85,84.9,85.5,85,85.2,85.7,85.1,85.3,84.8,85.1,84.7,85,84.3,84.2,84.5,84.8,84.7,84.5,84.5,84.7,84.1,84.3,84.3
"000101",82.1,81.1,80.5,80.6,80.2,79.3,79.4,79.8,79.2,79.1,79.1,79,78.6,78.3,78.4,78.2,77.9,77.8,77.9,77.5,77.9,77.7,78.1,77.4,77.4,77.6,77,77.3,77.3,77.6,76.8,76.8,76.8,76.9,76.7,76.8,76.7,76.8,76.9,76.2,76.6,76.5,76.7,76.2,76.3,76.7,76.3,76.2,76.7,76.5,76.3,76.7
"000102",63.9,63,62.7,62.1,62,61.3,61.5,61.2,61,60.6,59.9,60.2,60.1,59.8,59.4,59.8,59.8,59.5,59.7,59.7,59.3,59.6,59,59.4,58.9,59,59.3,59.1,58.9,58.8,58.7,58.7,58.7,58.8,58.4,58.7,58.5,58,58.5,58.3,58.1,58.7,58.4,57.8,58.1,58.8,58.1,58.2,57.5,58,58.3,57.6
"000103",60.6,60,59.6,59.5,58.5,58.1,58.2,57.8,57.6,57.8,57.1,57.6,57,56.7,56.4,56.6,56.7,56.1,56.4,56.2,56,56.2,55.8,55.8,56,56.2,55.9,55.9,55.2,55.5,55.5,55.1,55.2,55.4,55.1,55.3,55.4,55.3,55.6,55.1,55.5,54.6,54.7,54.6,54.6,55,54.5,54.4,55,54.9,54.7,54.3
"000104",80.7,79.6,79.3,78.9,78.3,78.5,78,78.3,77.6,77.1,77.8,77.3,77,77.2,77.3,77.2,76.7,76.9,76.7,76.7,76.3,75.8,76.4,76.2,75.9,75.8,76.4,75.8,75.7,75.9,75.6,75.7,76,75.6,75.1,75.4,75.6,75.4,75.3,75.5,74.8,75.2,75.2,75.4,75.1,74.4,75,74.8,74.9,74.7,74.7,75.2
"000105",81,79.5,79.2,78.9,78.5,77.9,78.1,77.3,77.4,77.5,77.2,76.9,77.1,76.6,76.4,76.5,76.3,76.3,76.2,76,76.6,76.4,75.5,75.7,75.8,74.9,75.7,75.6,75.2,75.6,75.5,75.4,75.4,75.1,75,74.8,74.9,75.1,74.7,75.3,74.7,75.3,74.7,74.7,74.5,74.5,74.4,74.3,74.2,74.6,74.2,74.5
"000106",66.8,66,65.5,65.1,64.5,64.1,64.1,64,63.4,63.4,63.6,63.3,63.1,62.9,62.6,62.6,63.1,62.4,62.5,62.6,62.2,62,61.7,62,61.5,61.7,61.5,61.7,62.3,61.4,61.1,61.8,61.6,61.3,60.8,61.5,61.6,61.4,61.5,61.3,60.7,61,61.1,61,60.6,60.6,61.1,61.1,60.5,60.6,60.6,60.5
"000107",61.1,60.2,59.3,58.7,58.5,58.4,58.1,58,57.7,56.8,57.3,57.1,57.1,56.4,56.5,56.5,56.7,56.4,56.3,56.3,55.7,55.9,56,56.1,55.9,55.6,56,55.4,55.9,55.3,55.3,55.1,55.2,55,55.1,55,54.9,55.2,54.8,55.3,54.9,55,54.9,54.6,54.9,54.6,54.5,54.5,54.2,54.7,54.7,54.5
"000108",75.5,74.9,74.3,74.1,73.3,73.1,73.1,73.2,72.4,72.8,72.2,72.1,72.4,71.8,71.6,71.9,71.8,71.7,71.4,71.3,71.3,71.3,70.8,71,71.2,70.5,70.7,71.2,70.6,70.1,71,70.7,69.9,70.2,70.6,70.3,70.1,70.3,70.3,70.1,70.1,69.9,70.2,70,69.9,69.9,70.4,70.3,69.5,69.3,69.5,69.6
"000109",76.6,75.2,74.7,74.3,74.4,73.8,73.8,73.8,73,73.1,73,72.7,72.2,71.7,72.3,71.8,72.3,71.8,71.5,71.8,71.6,71.5,71.3,71.8,71.4,71.4,71.4,70.7,70.8,71.4,70.9,70.7,70.9,70.8,70.4,70.8,70.7,70.6,70.6,70.7,70.8,70.4,70.6,70.4,70.7,69.9,70.4,70.1,70.5,70.3,70,70.4
"000110",67.5,66.2,66.4,65.4,65.5,64.7,65.1,64.7,64.6,64.3,64.3,63.8,63.6,63,63.7,63.5,63.5,63.1,62.9,63.1,62.7,63.3,62.6,62.9,62.2,62.9,62.5,62.4,62.2,62.1,62.2,62.6,62.3,62.2,62.1,61.6,61.9,61.8,61.8,62,61.6,61.4,61.8,61.4,61.3,61.6,61.4,61.6,60.9,61.3,61.1,61
"000111",89.5,88.5,88,87.5,87.4,87.1,86.7,86.9,86.5,86.1,86,85.7,85.4,85.6,85.6,85.2,85.2,85.5,85,84.8,85.1,84.6,84.7,84.9,84.2,84.8,84.6,84.5,84.8,84.5,84,84.2,83.9,84.3,84.2,84.4,84.3,83.8,84.1,83.6,83.8,83.6,83.8,83.5,83.5,84,83.5,83.5,83.3,83.4,84,83.1
"000112",68.3,67.3,66.9,66.4,65.9,65.8,65.7,65.3,65.2,65.4,64.8,64.6,64,64.5,64.4,64.5,64,64.2,63.7,63.5,63.6,63.2,63.1,63.2,63.1,63.7,63.4,62.9,63.3,63.1,63.3,62.9,63.2,62.8,62.9,63.1,62.7,62.9,62.9,63,62.6,62.4,62.9,62.5,62.7,62.6,62.4,62.4,62,62.3,61.7,62.2
"000113",73.1,72.3,72.1,71.7,71.3,70.8,70.2,70.4,69.9,70.2,69.7,69.3,69.8,69.3,68.9,69.1,68.4,69.1,68.4,68.5,68.5,68.6,68.2,68.5,68.4,68.1,68.6,68.4,68.4,68.3,68.3,68.3,68.4,67.6,68.2,67.6,68.3,67.7,68.2,67.8,67.8,67.5,67.9,67.5,67.8,67.4,67.2,67.6,67.5,67.2,66.7,67
"000114",70.8,70.7,69.5,69.5,68.9,68.3,68.2,68.3,68.4,68.4,67.7,67.7,67.4,67.3,67.3,67.4,66.6,67.1,66.7,66.9,66.7,66.5,67,66.3,66.1,66.2,66.4,66.4,66.2,66,65.7,66,66,65.7,65.7,65.6,65.7,66.1,65.5,65.7,65.6,65.4,65.4,65.3,65.5,64.9,65.1,65.4,65.1,65.7,65.3,65.2
"000115",63.2,63,61.8,61.4,61.4,61.1,60.8,60.9,60.9,60.6,60.1,60,59.7,59.4,60,59.2,59.4,58.9,59,59.3,58.7,58.3,59,58.4,58.9,58.4,58.4,58.5,58.7,58.9,58.5,58.2,58.4,58,58,58.1,58.1,57.5,58,57.8,57.3,57.4,57.9,57.9,57.6,57.5,57.7,57.5,57.2,57.1,57.2,57.2
"000116",61.2,60.6,60.2,59.4,58.7,58.5,58.5,57.9,57.9,57.3,57.5,58.1,57.3,56.9,57.3,57.3,57.4,56.8,57,57,56.7,56,56.2,56.4,56.1,56.2,56.3,56.1,55.8,55.5,55.7,56.1,55.9,55.9,55.7,55.6,55.6,55.5,55.4,55.7,55.7,55.2,55.2,55.7,55.4,55.7,55.5,54.9,55.4,54.9,55,55.3
"000117",64.8,64,63.4,63,62.5,62.1,62,61.6,60.9,60.9,61.4,60.6,60.7,61,60.9,60.5,60.3,60.2,60.3,59.6,59.7,59.7,59.4,59.7,60,60,60,59.5,59.3,59.6,59.5,59.1,59.4,58.9,59.6,58.9,59.3,59.1,59.1,58.4,59,58.9,58.9,58.6,58.4,58.8,58.6,58.6,58.6,58.9,58.2,58.3
"000118",80.1,79.2,78.3,77.9,78.1,77.3,76.7,76.8,76.1,76.2,76.1,75.7,76,75.6,75.5,75.5,75.3,75,75.1,75.1,74.2,75,74.7,74.2,74.6,74.3,73.8,74,74.3,73.8,73.6,73.6,73.6,73.2,73.6,73.6,73.3,73.2,73.4,74,73.1,73.4,73.5,72.9,72.9,72.9,73.5,72.9,73.1,73.3,72.8,72.7
"000119",73.9,73.3,72.5,71.5,71.7,71,71.2,70.6,69.8,69.9,69.9,69.6,69.8,69.4,69.5,68.9,68.7,68.7,68.8,68.9,68.9,68.4,68.9,68.3,68.7,68.2,67.8,68.1,68.1,68.3,68,67.9,67.9,67.5,67.7,67.5,67.6,67.5,67.3,67.5,67,67.5,67.6,67.4,67,67.2,67.2,67,66.7,67,66.7,67
"000120",76.4,75.6,75.2,74.6,74.3,73.8,74.3,73.8,73.1,73.3,73.5,73.3,72.8,73.2,72,72.5,72,72.5,72.5,72,72.1,71.8,72.2,71.9,71.9,71.8,71.8,71.7,71.5,71.6,71.2,72.1,71.6,71.2,71.1,71,70.8,71.1,71.2,71.1,71.2,70.7,71.1,70.5,70.9,70.3,70,70.4,70.5,70.6,70.7,70.6
"000121",62.2,61,60.8,60.5,60,59.8,59.4,58.9,58.9,59,58.7,58.4,58.1,58.1,58.3,58.1,57.7,58.1,58.4,57.5,57.3,57.5,57.8,57.2,57.2,57.4,57.4,56.9,57.1,57,56.8,56.9,56.9,56.8,56.4,56.6,56.5,56.1,57,56.5,56.4,56.5,56.7,56.1,55.8,55.9,56.3,55.5,56.3,56.6,56.1,56.2
"000122",74.7,73.4,72.3,72.7,72,71.4,71.4,71.6,71,70.9,71.1,70.9,70.7,70.6,71,70.2,70.2,69.9,69.6,69.7,69.6,69.9,69.3,69.7,69.5,69.6,68.9,69.3,69.2,69.1,68.7,69.2,68.7,68.8,68.9,68.8,68.4,68.2,68.7,68.6,68.3,68.3,68.4,68.5,68.3,67.9,67.9,68.4,68.5,68.1,67.9,68.3
"000123",87.4,86.5,85.4,85,84.7,84.7,84.5,84.4,84.3,83.8,83.6,83.3,83,83.1,83.2,82.6,83.4,82.8,82.8,82.7,82.5,82.7,82.6,81.9,82.3,82.8,82.5,82.2,81.7,82.2,82.1,82.1,82.1,81.8,81.8,81.7,81.3,81.2,82.1,81.8,81.5,81.3,81.5,81,81.5,81.5,81,81.4,81.4,81.2,81.3,81.3
"000124",91,89.6,89.1,88.7,88.3,88.1,87.8,87.7,87.8,88,87.8,87.6,87.4,86.8,86.7,87.1,86.6,86.8,86.6,86.5,86.5,86.4,85.8,86.3,86.2,86,85.8,85.5,85.8,85.9,84.9,85.7,85,85.6,85.5,84.7,85.9,85.6,85,85,85.2,85.1,84.9,85.2,84.8,85.6,84.7,84.7,85.1,85,85,84.5
"000125",84,83.3,82.5,82,81.3,81.2,81,80.7,81,80.5,80.3,80.4,79.6,79.6,80.1,79.2,79.4,78.9,79.7,78.9,78.7,78.9,79,79.1,78.6,78.5,78.8,78.3,78.4,78,78.3,77.9,77.9,77.8,77.6,77.8,77.5,77.6,77.7,77.5,77.7,77.1,77.4,77.5,77.5,77.1,76.7,76.8,77,76.8,77.1,77.1
"000126",79.4,79,78.2,77.9,77.6,77.3,77.4,76.5,76.5,76.2,75.8,75.8,75.5,75.7,75,75.4,75,74.8,75,74.7,74.5,74.6,74.3,74.7,74.2,74.5,74.4,74.6,73.7,73.9,74,73.6,73.8,73.7,73.6,74,73.3,73.3,73.5,73.5,73,73.2,73.4,73.1,73,73.1,72.9,72.6,73,73.2,73.3,72.6
"000127",74.3,73.6,73.4,73.1,72.6,72.4,71.4,71.2,71.2,71.1,70.9,71,71.1,70.3,70.1,70.6,70.5,69.8,70,69.8,69.6,69.5,69.6,70,69.2,69.6,69.4,69.4,69.1,68.9,68.6,68.9,69.1,69,68.7,69.1,68.8,68.9,69,68.7,69.1,68.8,68.4,68.2,68.3,68.3,68.5,68.4,67.9,68.3,67.9,68.6
"000128",73.2,72.1,72.1,71.2,71.1,70.7,70.1,70.4,69.9,70.3,69.6,69.4,69.4,69.1,68.9,69.2,69,68.9,68.6,68.8,68.4,68.6,68.9,68.2,68.2,68,68,68,68.2,67.9,68.1,67.6,67.8,67.7,67.2,67.5,67.8,67.5,67.6,67.4,67.6,67.6,67.1,67.1,67.2,67,67.3,67.7,67.1,67.4,67.4,67.1
"000129",69.9,69.8,69,68.5,68.4,68.5,68.1,67.7,67.7,67.5,67.1,66.9,66.7,66.4,66.4,66.5,66.4,66.2,66.1,65.9,66.3,65.9,66,65.3,65.7,65.2,65.2,65.6,65.3,65.5,65.1,65.3,65.2,64.8,65.4,65.3,64.8,64.7,64.8,64.8,65.2,64.8,64.5,64.1,64.6,64.7,64.3,64.3,64.3,64.6,64.2,64.3
"000130",64.4,62.7,62.5,62.3,61.5,61.5,61.4,60.7,60.8,60.9,61,60.1,60.5,60,60.4,60,60,59.6,59.4,59.3,59.6,59.8,59.2,59.1,59.2,59.3,58.7,59.4,58.8,58.9,58.8,58.9,58.7,58.9,59,58.6,58.1,58.9,58.6,58.4,58.7,58.6,58.1,58.2,58.1,58.5,58.1,58,58.4,58.4,58,57.8
"000131",67.5,66.5,66.3,65.8,65,65.3,64.8,64.7,64.7,64.2,63.9,64.1,64,63.6,63.9,63.4,63.2,63.4,63.5,63.4,62.9,62.8,63,62.8,62.4,62,62.5,62.3,62.6,62.5,62.3,62.3,62.3,62.3,62.2,62.2,62.2,61.7,61.8,61.9,61.6,62,61.8,62,61.6,61.3,61.5,61.8,61.7,61.3,61.6,61.5
"000132",60.1,59.8,58.8,58.6,58.7,57.7,57.5,57.1,57,56.7,56.9,56.9,56.7,56.6,55.5,55.6,56.5,56,55.7,55.7,55.6,56.1,56.1,55.7,55.3,55.7,55.5,55.8,54.8,55.3,54.9,55,54.7,54.9,54.9,54.6,55,54.9,54.3,54.6,54.6,54.3,54.8,54,54.4,54.4,54.6,54.9,54.1,54.2,54.4,54.3
"000133",77,76.1,75.2,74.9,74.4,73.8,73.5,73.5,73.5,73.2,72.8,72.7,72.2,72.4,72,71.8,71.8,72.1,71.9,71.6,71.7,71.2,71.4,70.9,71.3,71.3,71,71,71.1,70.7,71.1,70.7,70.7,70.6,70.3,70.5,70.6,70.4,70.3,70.6,70.3,70.2,70.4,70.2,70.2,69.4,70,69.8,69.4,69.8,69.8,69.8
"000134",73,72.1,71,71.2,70.8,70.6,70,70.4,70.1,69.7,69.1,68.9,68.9,68.9,68.8,68.8,68.2,68.8,68.8,68.5,68.3,68.4,68.2,67.6,67.8,68.3,68,67.5,67.4,67.6,67.3,67.3,67.7,67.5,67.6,67.8,67.1,67,66.9,67.2,67,67,66.9,67.3,66.6,67.1,67.4,66.9,66.8,66.9,66.6,66.6
"000135",93.5,91.9,91.6,91,90.5,90.9,89.9,89.8,89.7,89.2,89.6,89.2,88.9,88.9,88.7,88.6,88.5,88.4,88.5,88.2,88,87.7,87.7,88.1,88.1,87.8,87.7,88.1,87.6,87.2,87.4,87.3,87.1,87.5,87.3,87,87.1,87.3,86.7,86.9,86.7,87.2,87.1,86.7,87.3,86.6,86.5,86.3,86.7,86.7,86.6,87.1
"000136",63.9,63.3,63.1,62,61.9,61.3,60.8,60.8,60.3,60.2,59.9,59.8,60,60,59.6,59.5,59.7,59.8,59.4,59.7,59.1,59.3,59.2,59.3,59,59,58.4,58.6,59.1,58.9,58.2,58.4,58.4,58,58.4,58.9,58.5,58.1,58.5,58.1,58.1,58.4,58.5,58.2,57.8,57.8,58,57.8,57.8,58.2,57.4,57.5
"000137",81.7,80.4,79.9,79.9,79.2,79.1,78.8,78.7,78.6,78.7,78.1,77.9,78.3,78.1,77.1,77.5,77.3,77.5,77,77.4,77.7,77.1,76.8,76.7,76.7,77.1,76.8,76.6,76.3,76.4,76.4,76.4,76,76.1,76.2,76,76.1,75.9,76.9,76.5,76.2,76.3,75.6,75.9,75.8,76.1,75.9,75.5,75.6,76,75.5,75.8
"000138",70.4,70,69,68.5,68.2,68.1,67.4,67.6,66.9,66.8,67.1,67.1,66.7,67,66.4,66.4,66.2,65.7,65.9,66.3,66.1,65.9,65.8,66.3,65.3,65.1,65.7,65.6,65.4,65.3,65.1,65.3,65.1,65.5,65.8,65.1,65,65.5,64.9,65,65,65,65,65,64.6,65.1,64.7,64.2,64.6,64.5,64.3,64.3
"000139",79.5,78.2,78.2,77.1,76.9,76,76.8,76.1,74.9,75.9,75.7,75.6,75.2,75.5,75,74.7,75,74.8,74.6,74,74.5,74.1,74,74.2,73.7,73.8,73.5,73.8,73.6,73.3,73.6,73.3,73.4,72.7,72.9,73.1,72.8,72.8,72.7,73.2,72.6,73.1,73,72.2,72.5,72.9,72.7,72.3,72.5,72.7,72.5,72.5
"000140",82.4,81.9,80.9,80.9,80.9,79.9,79.6,79.7,79.3,78.9,79.6,78.9,79,78.6,79.2,78.4,78.5,78.2,77.5,77.8,78.2,77.8,77.9,77.9,77.8,78,77.5,78.1,77.9,77.4,77.4,77.3,77.2,77.5,76.7,77.1,77.5,76.9,77.5,77.2,77,77.1,76.9,77,76.1,77,76.7,77,76.4,76.7,76.3,76.5
"000141",72.2,71.4,70.8,70.6,70.1,69.6,69.3,69.1,69.5,68.8,68.9,68.7,68.7,68.8,68.1,68.4,67.8,67.8,67.8,68,67.6,67.6,67.8,67.7,67.2,67.5,66.6,67.4,67.3,67,67.3,67.2,66.9,66.7,66.6,67.1,66.7,66.7,66.2,66.7,66.9,66.5,66.2,66.3,66.1,66,66.1,66.3,66.1,66.1,66.3,66.3
"000142",69.1,68.3,68,67.1,66.9,66.7,65.7,66.2,66.5,65.7,65.7,65.6,65.3,65.1,65.1,65.1,64.8,64.3,64.4,64.8,64.8,64.1,65,64.3,64.3,64.2,64.2,63.7,63.6,64.4,64,63.4,63.4,64,63.7,63.6,64,63.1,63.3,63.4,63.1,63.4,63.4,63.1,63.3,63.2,63.1,63.3,63.2,63.2,62.7,62.8
"000143",81.1,79.8,79.4,78.6,78.4,77.9,77.8,77.7,77.5,77,77,76.8,77.2,76.3,76.9,76.9,76.7,76.4,76.3,76.1,76.3,75.2,76.3,75.9,75.4,75.7,75.8,75.6,75.5,75.3,75.5,75.2,75.5,75.2,75.2,75.6,75.1,75.2,74.7,75,75.1,74.7,75,74.4,74.3,74.9,74.7,74.7,74.4,74.2,74.4,74.4
"000144",58.3,57.2,56.8,56.8,55.9,56,55.7,55.5,54.8,54.7,54.7,54.2,54.6,54.3,54.4,54,54.1,53.6,54.1,53.5,53.5,53.3,53.2,52.9,53.2,53,52.8,53.5,53.1,52.8,52.6,53,52.9,52.7,52.8,52.6,53,51.9,52.7,52.2,52.3,52.6,52.9,52.7,52.7,52.1,51.5,52,52,51.8,51.9,51.9
"000145",80.4,79.2,78.5,78.7,77.6,77.7,77.6,78,77.1,76.7,77.4,76.8,76.7,76.2,76.1,76.2,75.9,76,75.8,76,75.8,75.6,76,75.7,75.2,75.5,75,75.3,75,75.1,75,74.8,74.3,75.3,75.1,74.8,74.9,74.9,74.7,74.5,74.9,75,74.8,74.7,74.5,75.1,74,73.9,74,74.5,74.3,74.3
"000146",92.9,91.8,91.5,90.8,90.5,89.9,89.6,89.9,89.9,89.5,89.4,88.7,88.9,88.5,88.5,88.9,88.2,87.8,87.7,88.1,87.7,88,87.7,88,87.5,87.9,87.6,87.2,87.1,87.4,86.4,87,86.8,87.1,87.1,86.8,86.9,87,86.7,87,86.4,86.7,86.8,86.9,86.8,87,86.6,86.4,86.1,86.6,86.5,86.7
"000147",73.3,73,72.7,71.9,71,70.8,70.8,70.1,69.9,70.1,69.8,69.7,69.6,69.8,69.6,69.6,69.3,69.5,69.1,69.1,69.2,68.8,68.7,68.4,68.1,68.6,68.1,68.2,68.2,68.2,68.3,67.9,67.4,68.2,68.1,68.1,67.7,67.5,68.2,67.7,67.8,68.4,67.4,67.9,67.6,67.4,67.7,67.7,67.6,67,67.1,66.8
"000148",72.6,71.9,70.8,70.6,70.7,70.4,69.9,69.5,69.6,69.5,69.3,69.1,68.8,69,68.4,68.6,68,68.2,68.5,68,67.8,68.5,67.6,67.9,68.2,67.6,67.3,67.5,67.1,67.6,67.4,67.4,67.2,67.3,66.9,67.6,66.9,66.9,66.9,67.4,66.7,67,67.1,66.5,67.2,66.3,66.8,66.5,67.2,66.7,66.7,66.3
"000149",76.7,75.9,75.8,75.3,74.6,74.3,74.2,73.4,73.9,73.1,73.3,73.1,72,72.6,72.2,72.5,72.7,72,71.6,71.6,71.7,71.9,71.8,71.6,71.6,71.2,71,71,71.3,70.9,71.1,70.6,70.6,70.3,71.1,70.8,70.7,70.8,70.7,70.3,70.3,70.6,69.9,70.5,70.4,70.4,70.4,70,70.2,70.3,69.5,69.9
"000150",79.4,78.6,77.6,77.8,77.4,77,76.8,76.5,76.1,75.9,76,75.9,75.4,74.9,75.6,75.8,75.2,75.3,75,74.6,75.1,74.6,74.6,75,74.4,74.7,74.8,74.3,74.3,74.7,73.7,74.1,74.1,74.1,73.4,74.2,73.4,74.1,73.7,73.5,73.8,73.8,73.9,73.7,73.8,73.7,73.3,73.5,72.9,73.4,73.4,73.5
"000151",78.6,78.6,77.4,77.8,76.4,76.6,76.1,76.4,75.9,76.1,75.8,75.3,75.7,75.4,75.3,74.8,75.1,74.7,75,74.6,74.4,74.3,74.6,74,74.2,74.3,74.3,73.9,74.4,73.9,73.7,73.9,74.2,73.7,73.7,73.6,73.1,73.9,73.4,73.7,73.3,73.4,72.8,73.1,73.6,73.4,73.2,73.1,72.9,73.3,73.5,72.5
"000152",80.1,79.5,78.8,78,77.4,77,77.5,76.7,76.9,76.6,76.5,76,75.8,75.9,76.1,75.6,75.5,75.6,75.2,75.4,75.3,75.1,74.8,74.7,75.1,75,74.7,74.8,75,74.3,74.3,73.9,74.6,74.5,74.6,74.1,73.9,74.1,74.5,74.9,74.3,74.1,74.2,73.9,74,73.7,74.1,73.9,74,74.1,74,74.1
"000153",76.4,75.4,74.9,74.4,74.3,74,73.4,73.3,73.5,73.5,72.9,72.7,72.4,72.5,72.3,72.6,72.3,71.9,72,71.8,72,71.4,71.8,71.3,71.8,71.7,70.9,71,71.7,71,71.2,70.7,71,70.7,71.1,70.4,70.4,71,70.9,70.9,70.7,70.5,70.2,69.9,70.5,70.4,70.6,70.4,70.7,70.4,70.6,69.9
"000154",64.3,63.4,62.5,62.2,61.8,62.1,61.4,61.8,61.5,60.9,61,60.8,60.9,61.3,60.4,60.7,60.4,60.1,60,60,59.7,59.9,59.7,59.5,59.4,59.7,59.4,59.2,59.1,59.3,59.3,59.7,59.2,58.7,59,58.9,58.9,58.9,58.9,58.7,58.3,58.8,58.1,59.2,58.7,58.6,58.4,58.8,58.2,58.4,58.4,58.9
"000155",68.1,68,67,66.9,66.4,65.8,65.8,66.2,65.7,65.3,65.4,65.3,65.4,65.5,64.7,64.5,64.9,64.2,64,63.5,63.9,64.1,64.5,64.2,63.8,63.9,63.7,63.8,63.4,63.7,63.5,63.6,63.4,63.5,63.4,63.4,63.2,63.3,63.3,63.2,63.1,63.3,63.1,62.4,62.7,62.9,62.3,62.6,62.5,62.6,62.7,62.6
"000156",65.3,64.2,63.6,63.2,62.9,62.9,62.6,62.4,61.9,61.5,61.3,61.8,60.9,61.3,61.1,60.9,60.7,60.7,61,60.7,60.3,60.5,60.5,59.8,60.2,59.9,60.6,59.9,60,59.8,60,60.1,59.4,59,59.8,59.6,59,59.2,59.1,59.3,59.2,59.2,59.3,59.4,59,59.4,58.8,58.9,58.8,58.8,58.8,59.2
"000157",80.3,80.1,79,78.9,78.4,78,78,77.9,77.4,77.6,77.1,77,76.4,76.5,76.4,76.5,76.5,76.3,75.8,75.8,76.3,76,76.2,76,75.7,75.2,75.6,75.2,75.7,75.8,75.2,74.8,75.6,75.1,74.8,74.7,75.1,74.6,75.4,74.5,74.7,74.6,74.4,74.5,74.6,74.6,74.9,74.5,74,74,74.6,74.3
"000158",79.6,78.4,78,77.6,76.9,76.6,76.7,76.6,76.3,75.8,75.9,76,76,75.5,75.4,75.2,75.1,75,75.2,75.3,74.9,74.7,74.2,74.2,74.4,74.1,74.1,74,74.1,74.3,74.4,74.2,73.9,74.3,74,74.4,73.9,73.7,73.8,73.8,73.9,73.9,73.3,73.4,73.2,73.4,73.4,73.5,73.4,73.2,73.2,73.1
"000159",73.7,72.6,72.1,70.8,71.5,70.7,70.6,70.5,70.2,69.8,70,69.8,69.3,69.4,69.7,69.3,69,69.3,69.3,68.9,68.5,68.7,68.5,69,68.3,68.1,68.3,68.4,68.3,68.1,68.1,68.3,67.8,67.8,68.4,67.9,67.6,67.7,67.9,68.2,67.6,67.9,67.6,67.3,67.9,67.6,67.2,67.5,67.5,67.2,67.5,66.9
"000160",70.5,70,69.4,68.8,68.5,68.6,68.2,68.1,67.2,67.2,67.5,67.1,67.2,67.1,67.1,66.7,66.4,66.5,65.9,66.1,66.1,65.8,65.6,65.7,65.7,65.5,65.3,65.9,65.4,65.3,65.1,65.9,65.2,65.3,64.8,65,65,65.3,65.3,65.1,64.6,64.8,64.9,64.6,64.9,64.6,64.7,64.8,64.8,64.6,64.5,64.6
"000161",63.5,62.3,61.6,61.7,61.3,60.8,60.6,60.6,60.6,59.7,60,59.7,59.4,59.3,58.9,59.2,58.9,59,58.4,58.7,58.6,58.4,58.5,58.6,58,58.5,57.6,58.1,58.3,57.8,58.1,57.9,58.2,57.6,58.2,57.2,57.8,57.9,58,57.7,58.2,57.6,57.7,57.3,57.4,57.2,57.1,57.2,56.9,57.3,57,57.2
"000162",90.6,90.3,89.2,88.9,88.2,88,88.3,88,87.8,87.4,87.7,87,87,87.5,86.9,86.5,87,86.3,86.7,86.3,85.9,86.3,86.2,85.7,85.9,86.2,85.8,85.7,85.4,85.9,85.3,85.4,85.8,85.6,85.2,85.3,85.3,85.2,85.5,85.1,85,85.1,85,85,85.2,85,84.9,84.9,84.5,84.6,84.3,84.3
"000163",92.3,91.6,91.3,90.4,90.1,89.9,89.7,89.4,89.1,88.8,88.8,88.3,88.3,88.1,88.2,88,88,87.9,87.8,87.7,87.3,87.6,87.7,87.6,86.8,87.1,87,87,87.2,87.1,87.1,86.5,87,86.6,87,86.6,86.6,86.9,86.1,86.5,86.3,86.1,86.7,86,86.4,86.4,86.2,85.7,86.3,86.1,85.9,86.2
"000164",81.5,80.2,80.3,79.6,79.3,78.4,78.5,78.5,78.4,78.2,77.9,78.3,78,77.6,77.4,77.1,77.2,77.3,77.1,77.4,76.9,76.7,76.6,77.1,76.3,76.9,76.2,76.5,76.2,76.3,75.5,76.1,76,75.7,75.6,75.3,75.5,76.1,76,75.8,75.2,76,75.2,75.7,75.7,75.6,75.5,75.5,75.2,75.4,75.5,75.3
"000165",63.1,62.9,62.7,61.5,61.4,61.2,61.2,60.6,60.1,60.6,60.2,60.1,59.4,59.9,59.6,59.7,59.6,59.6,59.6,59.1,59.1,58.8,58.7,58.9,58.8,59,58.6,58.7,58.3,58.4,58.5,58.1,58.4,58.1,58,57.9,58,57.8,58,58,58.6,57.9,58.2,58,57.9,58,58.3,57.9,57.5,57.3,58,57.4
"000166",62.1,61.4,60.7,60,59.5,59.3,59.1,59.2,58.9,58.4,58.4,58.3,58.2,58.2,58.4,58.1,57.4,57.8,57.7,57.3,57.1,57.5,57.4,57.3,56.9,57,57,56.8,57.2,56.7,56.5,56.8,57.1,56.9,56.7,56.5,56.5,56.3,56.4,56.1,56,55.9,55.6,56.2,56.3,56.1,56.2,55.9,56.3,55.6,55.7,55.8
"000167",70.1,68.8,68.6,67.7,67.2,67.4,66.2,66.9,66.4,66.1,66.1,65.7,65.2,65.7,65.6,65.3,65.6,64.6,65.1,64.9,64.9,64.6,64.4,64.3,64.6,64.3,64.2,64.4,64.3,63.6,64.1,64.1,64,63.7,63.6,63.5,64,63.3,63.3,63,63.4,63.4,63.2,63,63.4,63.3,62.7,62.6,62.9,62.4,62.9,62.6
"000168",75.3,74.2,73.8,73.4,72.7,72.4,72.7,72.3,71.9,71.9,71.4,71.5,71.5,71,70.6,70.9,71.2,70.7,70.6,70.8,70.4,70.3,70.5,70.8,70.3,69.9,69.9,70.4,70.1,69.7,70.2,69.9,70,69.7,69.3,69.3,70,69.8,69.6,70,69,69.4,69.6,69.5,69.5,69,69.5,69.3,69.4,69.4,69.3,68.9
"000169",76.6,75.8,75.4,75,74.4,74.1,73.5,73.7,73,73,72.5,72.9,72.3,72.7,72.2,72,71.4,72,71.4,71.6,71.6,71.1,71.9,71.8,70.9,71.1,71.2,71.1,70.8,71,70.9,70.7,70.8,70.4,70.6,70.8,70.3,69.8,69.8,70.3,70.4,70.6,69.8,69.9,70,70,69.7,70,70,69.9,70,69.7
"000170",73.4,72.7,72.3,71.2,71.3,70.9,70.3,70.4,69.9,69.5,69.5,70.3,69.5,69.4,69.3,68.9,68.8,69,68.7,68.7,68.5,68.1,68.4,68.6,68.5,68.1,68.6,68.2,68.6,68,68,68,68.5,67.8,67.7,68,67.3,68,67.5,67.8,67.4,67.3,67,67.3,67.7,67.2,67.4,67.4,67.3,67.6,67,67.2
"000171",79,77.5,76.3,76.3,76.6,76.1,75.8,75.2,75.2,74.6,75.7,75,74.5,74.9,74.5,74.4,74,74.3,74.1,73.8,74.2,74.2,73.7,73.9,73.8,73.1,73.6,73.3,73.2,73.3,73.4,73.6,73.2,73.3,72.7,73.5,72.9,73.4,72.7,73.1,72.7,73,72.2,72.8,73,72.5,72.6,73,72.9,72.6,72.5,72.6
"000172",74.6,73.9,73.4,72.9,72.8,72.3,71.9,71.8,71.7,71.6,71.4,71.3,70.9,70.4,70.6,70.8,70,70.4,70.5,70.7,70.5,69.8,70,70.2,69.4,69.7,69.6,69.3,69.7,69.7,69.6,69.5,69.4,69.7,69.2,69.4,68.8,69.2,69,69.1,69.2,69,68.6,69,69.2,68.9,69.2,68.9,68.8,68.9,68.7,68.8
"000173",76.1,74.9,74.6,74.5,73.9,73.4,73.4,72.9,73.1,73.1,72.4,72.1,72.3,72.1,71.9,72,71.5,71.8,71.6,71.9,71.6,71.7,71.7,71.2,70.7,70.6,70.4,71.1,70.8,70.5,70.6,70.5,70.7,70.6,70.5,70.2,70.5,70.5,70.1,70.5,70.5,70.3,70,70.2,70.2,69.9,70.5,70.2,70,69.9,69.6,69.7
"000174",87,85.5,85.2,85,84.5,84.2,84.2,83.2,83.5,83,82.9,82.9,82.7,83.1,82.3,82.8,82.6,82.5,82.4,82.4,82.4,82.1,81.7,81.8,81.5,81.8,81.5,81.7,81,81.5,81.4,81.1,81.2,81.1,80.9,81.1,81,80.9,80.9,80.9,80.7,81.6,81.1,80.7,80.8,80.5,81.1,80.4,80.5,80.4,80.4,80.8
"000175",67.7,66.5,66.1,65.3,64.8,64.6,64.2,64.8,63.8,63.8,64.4,63.5,63.5,63,62.9,62.6,62.6,62.6,62.4,62.9,62.4,62.4,61.8,61.7,61.9,61.8,61.6,61.6,62.1,61.6,61.3,61.2,62,61.5,61,61.5,61.7,61,60.6,61,60.7,61.2,60.9,60.8,60.4,60.9,60.2,61.1,60,60.1,60.8,60.6
"000176",96.9,96.2,95.6,95.8,94.7,94.2,94.3,93.8,94.1,93.8,93.3,93.4,93.1,93.2,93,93.2,92.8,92.6,92.4,92.5,92.5,92.4,92.4,92.3,92.5,92.2,92.2,92,91.9,92,91.6,91.7,91.7,91.7,91.6,91.4,91.3,91.8,91,91.3,91.4,91,91.2,91.2,91.3,91.3,91.2,90.6,91,90.7,90.7,NA
"000177",79.3,78.2,77.8,77.7,77.6,76.8,76.8,76.7,76.3,75.9,76.2,75.5,75.6,75.8,75.1,75.2,75.5,75.5,74.9,74.8,74.7,74.6,74.8,74.8,74.5,74.2,74.4,74.5,74.2,74,74,74.1,74.2,74.1,73.8,73.7,73.8,73.3,73.5,73.7,73.9,73.4,73.4,73.9,73.4,73.6,73.1,73.4,73.2,73.4,73.4,NA
"000178",90.1,89.6,88.7,88.9,88.6,88.2,87.9,87.9,86.9,87.7,86.7,87.2,86.7,86.7,86.8,86.1,86.2,85.9,86.4,85.8,85.6,86,86,85,85.8,85.3,85.6,85.3,85.2,85.3,85.2,85.6,84.9,85,85.5,85.1,85.4,85.4,84.8,84.7,84.8,84.9,84.9,84.6,84.3,84.6,84.5,84.5,84.5,84.5,84.5,NA
"000179",59.1,57.8,57.5,56.9,56.8,56.1,56,55.6,55.1,54.9,54.7,54.4,54.4,54.3,54.1,53.9,54.4,53.9,53.1,53.4,53.1,53.3,53.1,53,53,53.1,52.8,53.5,52.8,52.8,52.5,53.2,52.4,52.4,52.4,52.7,52.4,52.3,52.4,52.5,52.3,51.9,51.9,52.3,51.6,51.4,51.4,51.9,52,51.8,51.7,NA
"000180",74.2,73.7,73.1,72.7,72.6,72,71.9,72.1,71.1,70.8,71.3,70.7,70.9,71,70.5,70.2,69.9,70.5,70,70,69.8,69.4,70.1,69.9,69.6,69.6,69.5,69.1,68.9,69.4,68.6,69.5,69,69.1,68.5,68.9,68.3,68.8,68.8,68.9,68.3,69,68.5,69,68.5,68.6,68.5,68.6,68.4,67.9,NA,NA
"000181",72.4,71.7,71.5,71.3,70.3,69.9,70.1,69.9,69.6,68.7,69,69.2,69.2,68.9,69,68.9,68.6,68.8,68.6,68.2,68,68.2,68.3,68.2,67.7,68,68,67.3,67.4,67.5,67.4,68,67.5,67.3,67.6,67.3,66.9,67.6,66.9,67.3,66.9,67.3,67.2,67,67.3,66.9,67.5,67,67,67.5,NA,NA
"000182",68.1,67.4,66.8,66.7,65.7,65.9,65.8,65.3,65.1,65,64.8,65,64.4,64.4,64.6,64.5,64.2,64.2,63.5,63.9,63.3,64,63.9,63.5,63.5,63.2,63.5,63.7,63,63.1,63.1,62.8,63,62.9,63,62.6,62.9,62.5,63.2,62.8,62.6,62.5,62.3,62.7,62.2,62,62.5,62.2,62.5,62,NA,NA
"000183",86,84.2,84.6,83.7,83.8,82.8,82.5,82.7,82.3,83.2,82.3,82.4,81.7,81.5,81.3,81.6,81.6,81.4,81.5,81.4,81.1,80.9,81.4,81.2,81.2,81,80.6,80.4,80.5,80.6,80.4,80.4,80.5,80.5,80.2,80.2,79.9,79.7,80.2,80.2,80.2,80.1,80.2,79.9,80,79.5,80.1,79.4,80,79.7,NA,NA
"000184",75.7,75.2,74.7,74.6,73.3,73.4,73.1,73.1,72.5,72,72.1,72.3,72.2,72.2,72.1,71.7,71.6,71.9,71.1,71.6,71.4,71.3,70.5,71.1,71.3,70.8,70.8,70.6,71.2,71,70.8,70.7,70.5,70.5,70.4,70.4,69.9,70.4,70.3,69.9,70.2,70.1,70.5,70.4,70.3,70.4,69.8,70.3,70.4,NA,NA,NA
"000185",76.1,75.5,74.4,74.9,74.4,73.8,73.6,73,73.1,72.6,72.6,73.1,72.6,72.1,72.3,72.6,72.3,72.5,71.7,72.1,71.8,71.6,71.3,71.3,71.7,71.2,71.3,71,71.9,71.4,70.8,71.2,71,71.1,70.9,71.1,70.5,70.6,70.8,70.6,70.8,70.8,70.9,70.2,70.5,70.8,70.3,70.4,70.3,NA,NA,NA
"000186",67.5,66.5,65.9,65.5,65.3,64.6,64.4,64.5,64.9,64,63.7,64,63.7,63.8,63.5,63.1,63.5,63.1,63,63,63,63,62.5,62.5,62.6,62.9,62.2,62.7,61.8,62,62.2,61.7,61.8,61.8,62.2,62,61.7,61.8,62,62.3,61.7,61.2,61.3,61.5,61.9,61.1,61.5,61.7,61.2,NA,NA,NA
"000187",76.7,75.3,75.1,75,74.5,74.1,73.9,74.3,73.9,73.5,73.4,73,72.7,72.4,72.3,72.4,72.5,72.2,72.5,72,71.8,72.2,71.9,71.5,72.2,71.5,71.2,71.4,71.5,71.5,71.1,71.6,71.6,71.2,71.1,71,71.4,71.4,71,70.9,70.9,70.5,71,70.4,71.1,70.7,70.8,70.5,70.6,NA,NA,NA
"000188",63.3,62.4,61.9,61.3,60.9,60.8,60.3,59.9,60,59.5,59.5,59.8,59.2,59.4,59.5,59.3,59.3,58.9,58.9,58.6,58.3,58.8,58.6,58.7,58.6,58,58.1,58.4,57.9,57.6,58.1,57.9,57.9,57.6,57.7,57.8,57.8,57.1,57.8,57,57.2,57.2,57.4,56.9,57.7,57.1,57.4,57.2,56.7,NA,NA,NA
"000189",79.5,79.1,78.3,77.6,78.2,77.6,77.2,76.2,76.9,76.5,76,76.2,76,75.8,75.6,75.3,75.7,76,75.5,75.3,75.1,75.2,75.4,75.1,74.7,74.9,74.8,74.5,75,74.4,74.9,74.4,74.2,74.6,74.2,74.6,74.4,74.1,74,74.2,74.4,74.3,74,74,73.7,73.8,73.7,74.3,73.7,NA,NA,NA
"000190",81.8,81.3,80.8,80,79.9,79.6,78.7,78.8,78.9,78.4,78.9,78.5,78.5,78.1,78.6,77.7,77.6,77.4,77.5,77.5,77.2,77.3,77.3,77.3,77.6,77.3,76.4,76.9,76.8,76.6,76.8,76.7,76.8,76.6,76.8,76.1,76.3,76.6,75.6,76.1,76.4,76.2,76,76.3,75.9,76,75.7,76,75.7,NA,NA,NA
"000191",62.4,61.4,61.3,60.3,60.2,60.3,59.4,59.7,58.9,59.2,59,59.4,58.7,59,59.1,58.6,57.9,58.1,58.2,57.4,58,57.7,57.6,57.6,57.7,57.8,57,56.8,57.6,57.3,57.3,57.3,57.3,57.3,57.3,56.9,57.2,56.9,57,57,57.1,56.9,56.6,56.6,56.5,56.4,56.8,56.1,56.7,NA,NA,NA
"000192",71.1,69.7,69.8,68.9,69,68.8,68.2,68.1,67.7,67.6,67.9,67.7,67.3,67.1,66.9,67.2,67.1,66.8,66.6,66.6,67,65.9,66.5,66.1,65.7,65.9,66,65.9,66.1,65.8,65.4,65.8,66,65.5,65.4,65.6,65.5,65.5,65.3,65.2,65.2,65.5,65.1,65.1,65.2,65,64.9,64.9,64.8,NA,NA,NA
"000193",69.5,69.2,68.3,67.9,67.4,67.4,66.7,66.3,66.4,66.2,66.5,66.1,66,65.4,65.2,65.2,65.3,65,65,64.9,65,65.4,64.8,65,64.4,64.6,64.9,64.9,64.3,64.4,64.4,64,63.9,64.2,64.6,64,63.8,64,63.9,63.6,63.7,63.7,63.9,63.6,63.5,63.2,63.2,63.4,63.3,NA,NA,NA
"000194",53.8,53.2,52.7,51.9,51.7,51.3,51.1,50.6,50.8,50.4,50.6,50.3,50.2,50.1,50,49.5,50,49.8,49.3,49.5,49.3,49.5,49.4,49,49.4,49.2,49.1,48.9,48.7,48.3,48.9,48.3,48.7,48.2,48.7,48.8,47.8,48.4,48.1,48.1,47.7,48.1,48.2,48.4,48.1,48.1,48.4,48.1,NA,NA,NA,NA
"000195",89.3,89,88.5,88.2,87.2,86.8,87.2,87,86.6,86,86.2,86.1,86,85.9,85.3,85.6,85.1,85,85.5,85.3,85,85.1,84.9,84.6,84.4,84.6,84.6,84.9,84.2,84.2,84.4,84,84.3,84.6,83.8,84.3,83.9,84,84.2,84,83.9,84.4,84.1,83.7,83.9,83.8,83.4,83.5,NA,NA,NA,NA
"000196",80.6,79.3,79,78.8,77.8,77.8,77.7,77.8,77,77.2,77,77.1,76.9,76.3,76.9,76.3,76.4,76.4,76.1,76.2,76,75.7,75.7,75.5,75.9,75.5,75.7,75.3,75.5,74.9,75.3,75.3,75.4,75.2,75.5,75.1,75,74.6,75.1,75.1,74.8,74.7,74.8,74.3,74.5,74.3,74.8,74.8,NA,NA,NA,NA
"000197",62.9,61.5,60.8,60.8,60.4,60.2,60,59.7,60,59.1,59.3,59,58.7,59,58.7,58.8,58,58.7,58.1,58.6,58,58,57.8,57.8,57.8,58.2,57.7,57.3,57,57.4,57.3,57.4,57.1,57.1,57.5,57.1,57.1,57.3,57,56.8,57.1,56.6,56.9,56.4,56.5,56.3,56.6,56.5,NA,NA,NA,NA
"000198",73.5,73,72.5,72.1,71.4,71.3,71.6,70.8,70.8,70.9,70.4,70.3,69.9,70.2,69.3,69.7,69.5,69.9,69.5,69.4,69.5,69,69.3,69.1,69,68.9,68.6,68.7,68.7,68.1,68.6,68.4,68.7,68.4,68.2,68.7,68.5,68.3,68.1,68.3,67.9,68.2,67.8,67.8,67.8,68.1,68,67.8,NA,NA,NA,NA
"000199",84.1,82.9,82.4,82.1,81.8,82.1,81.4,81.6,81,80.6,81,80.5,80.1,80.5,79.6,80.2,80.5,79.5,79.7,79.8,80,79.3,79.5,79.7,79,79.3,78.8,78.9,78.8,78.9,79.4,78.4,78.7,78.9,78.6,78.7,78.9,78.6,78.3,78.4,78.4,78.3,78.4,77.9,78.3,78.8,78.4,78.4,NA,NA,NA,NA
"000200",85.7,85.2,84,84,83.9,83.4,83,82.6,82.7,83,82.1,81.4,81.8,81.7,81.5,81.2,81.6,81.7,81.6,80.9,81,80.9,81.1,80.5,80.5,81,80.8,80.7,80.3,80.4,80.5,80.5,80,80,80.2,80.2,79.8,80.1,79.9,80,79.9,79.7,80.2,79.8,79.8,79.9,79.4,79.6,NA,NA,NA,NA
"000201",81.7,80.6,80.7,80,79.8,78.9,78.4,78.6,78.6,78.6,78.3,77.8,77.6,78.2,77.5,77.8,77.3,77.1,77.5,77.1,77.2,76.9,77,76.4,76.5,76.3,76.2,76.6,76.6,76.7,76.2,76,76.3,75.7,76.1,76.2,76.4,75.7,75.8,75.8,75.9,75.8,75.9,75.5,75.6,75.4,76.1,NA,NA,NA,NA,NA
"000202",83.1,81.9,81.4,81,81,80.7,80.2,80.1,79.7,79.6,79.4,79.5,78.7,78.4,78.5,79,78.3,78.8,78.3,78.5,78.3,78.2,77.8,77.6,77.7,77.6,78.3,77.7,77.6,77.2,77.9,77.9,77.3,77.2,77.1,77.3,77.6,77.8,77.3,76.9,77.3,76.7,77.2,77.5,76.9,76.7,76.9,NA,NA,NA,NA,NA
"000203",73.9,73.5,73.1,72,71.7,71.7,71.4,71.2,71.1,71.3,70.8,70.7,70.4,70.4,70.3,70.3,70.1,70.5,69.2,69.7,69.3,69.8,69.7,68.8,69.8,69,69.2,68.9,69.3,69,68.9,68.8,69.3,69.1,69.3,68.8,68.7,68.5,69.3,68.1,68.4,68.4,68.5,68.3,68.1,68.7,68,NA,NA,NA,NA,NA
"000204",75.8,75.4,74.9,74.1,73.6,73.5,73.5,73.3,72.8,73.1,72.6,72.3,72.5,72.1,72.1,71.5,71.9,71.4,71.8,71.5,71.6,71.3,71.2,71.2,71.2,71.3,71.2,70.9,70.7,71.2,70.7,70.7,70.5,70.6,70.4,70.4,70.3,70.2,70.4,70.5,70.4,70.3,70.6,70.1,70.3,70.4,70.1,NA,NA,NA,NA,NA
"000205",62.6,61.7,60.6,60.3,60.1,59.9,59.7,59.7,59.2,59.3,59,58.8,58.5,58.4,58.4,58.1,58.5,58,57.9,57.9,57.4,58.1,57.5,57.6,57.4,57.5,57.2,57.4,57.5,57.2,56.7,57.2,56.9,57,57,56.5,56.6,56.9,56.7,56.1,56.4,56.9,56.2,56.5,56.5,56.6,56.1,NA,NA,NA,NA,NA
"000206",74.8,73.5,73.1,72.5,72.3,71.8,71.6,71.5,71.5,71.3,70.9,70.5,70.6,70.4,70.1,69.9,69.8,69.4,69.7,69.8,69.7,69.7,69.6,69.6,69.8,69.3,69.1,69.4,69,69.1,69.3,69,68.8,69.1,68.9,68.9,68.7,68.9,68.7,68.3,68.8,68,68.6,68.6,68.3,68.2,68.7,NA,NA,NA,NA,NA
"000207",75.3,74.5,74.4,73.5,72.6,73.1,72.3,72.4,71.8,72.6,71.7,71.6,71.9,71.5,71.6,70.8,71.3,70.4,70.3,70.7,70.4,70.2,70.3,70.7,70.2,69.8,70.1,70.3,70.5,70.3,70.4,69.4,70,69.8,69.6,69.9,69.4,69.5,69.8,69.6,69.6,69.3,69.3,69.1,69.2,69.2,NA,NA,NA,NA,NA,NA
"000208",86.2,85.7,85.3,84.8,84.4,84.6,83.8,83.7,83.4,83.2,82.9,83.2,82.9,82.8,82.8,82.6,82.5,82.7,82,82.2,82.1,82,81.7,82,81.3,81.6,81.9,82.2,81.8,81.2,81.2,81,81.2,80.6,81.2,81.2,81.1,80.9,81,80.8,80.5,81,80.8,80.8,80.8,80.7,NA,NA,NA,NA,NA,NA
"000209",69.9,68.4,68.1,67.7,67.6,66.9,66.6,66.8,66.2,66,65.9,65.6,65.5,65.8,65.2,65.3,65.8,65.4,65.2,64.9,64.7,64.8,64.9,64.3,65,64.4,64.2,64.2,64.2,64.3,64.2,63.9,63.8,64.4,64.1,63.7,63.6,63.9,64.1,63.5,63.8,63.7,63.6,63.8,64,63.4,NA,NA,NA,NA,NA,NA
"000210",73.4,72.1,71.8,71.5,70.7,70.3,70.4,70.1,70,69.5,69.5,69.3,69.6,70,68.9,69.2,68.7,68.4,68.3,68.6,68.2,67.8,68.3,68,68.3,68.1,68.5,67.5,68.5,68.2,67.3,68.4,67.9,67.9,67.9,67.7,67.1,67.4,67.9,67.2,67.2,67,67,67.5,67.3,67.1,NA,NA,NA,NA,NA,NA
"000211",69.6,68.2,67.6,67.2,67,66.9,66.3,66,66.3,66.1,66.1,65.7,66,65,65.2,65.6,65.3,65.1,64.9,64.8,65.2,64.7,64.7,64.1,64.5,64.2,64.8,63.8,64.2,64,64,64.3,64.2,63.5,63.6,63.9,63.4,63.6,64,63.6,63.4,63.4,63.7,63.2,63.6,63.7,NA,NA,NA,NA,NA,NA
"000212",82,81,80.8,80.2,79.6,79.3,79,78.7,78.1,77.9,78,77.7,77.8,77.7,77.2,77.4,77.3,77.2,77.2,76.8,76.7,76.7,76.9,76.4,76.8,76.2,76.3,76.4,76.2,76.4,75.9,75.7,75.9,75.6,75.8,75.7,75.5,75.7,75.8,75.6,75.7,75.5,75.6,75.6,75.3,75.3,NA,NA,NA,NA,NA,NA
"000213",68.8,68,67,66.8,66.1,65.9,65.6,65.1,65.2,64.9,64.8,64.2,64.3,64,64.1,64.6,63.7,63.5,63.9,63.9,63.9,63.3,63.3,62.7,62.7,63,62.9,62.9,62.8,62.8,62.5,62.9,62.6,62.6,62.2,62,62.6,62.5,62.5,62.3,62.4,62.2,61.5,62.1,61.7,62,NA,NA,NA,NA,NA,NA
"000214",83.3,82.6,82,81.8,81.4,81,80.7,80.7,80.2,80.4,79.5,79.7,79.5,79.6,79.2,79.2,79,79,78.9,78.8,79,78.3,78.5,78.2,78.5,78.4,78.2,78.2,77.8,78.6,77.9,77.9,77.9,77.8,78,78,77.7,78.1,77.7,77,77.5,77.5,77.6,77.5,77.5,NA,NA,NA,NA,NA,NA,NA
"000215",64.2,63.1,62.5,62.4,61.8,61.6,61.1,61.3,60.9,60.7,60.6,60.5,59.9,60.1,59.9,60.2,60.5,59.7,59.6,59.9,59.5,59.5,59.8,59.1,59.7,58.9,58.9,58.8,58.9,58.8,59.1,58.6,58.6,58.7,58.3,58.4,58.7,58.7,58.8,58.2,58.7,58.4,57.9,57.8,58.8,NA,NA,NA,NA,NA,NA,NA
"000216",83.8,83.2,82.6,82.4,81.5,81.4,80.9,80.9,80.6,80.2,80.3,79.9,80.1,80.3,79.7,79.6,79.6,79.7,79.7,79.2,79,79.2,79,78.7,78.6,79.2,79.1,78.7,78.5,78.6,78.5,78.6,78.2,78.3,78.5,78.1,78.3,78.1,77.9,77.8,78.1,77.9,77.8,77.9,77.7,NA,NA,NA,NA,NA,NA,NA
"000217",80.3,79.4,79.2,78.4,77.9,77.5,77.6,77.1,76.9,76.8,76.7,76.4,76.2,76.7,76,76.6,76,76.2,75.9,75.7,75.5,75.9,75.5,75.4,75.2,75.4,75.1,75.1,75.4,75.1,75,74.9,74.8,74.4,74.7,75,74.7,74.8,75,74.8,74.5,74.5,74.3,74.3,NA,NA,NA,NA,NA,NA,NA,NA
"000218",68.4,67.4,66.6,66.6,65.8,65.3,65.3,65.4,65,65.1,64.5,64.3,65.1,64.8,64.2,64.4,63.9,64.2,63.8,63.8,63.2,63.7,63.8,63.2,63.6,63.2,63.4,63.5,63.1,63.5,63,62.8,62.5,63.2,63,62.9,62.1,62.3,62.9,62.8,62.3,62.6,62.7,62.7,NA,NA,NA,NA,NA,NA,NA,NA
"000219",79.5,79,79.2,78.4,77.9,78.1,77.5,77.4,76.8,76.8,76.6,76.2,76.9,75.9,76.2,76.3,76,76.4,75.6,75.7,75.5,75.8,75.4,75.3,75.1,75.3,75.3,74.9,75,75.2,75,74.9,75.1,75.3,75,75.1,75,74.7,74.3,74.7,74.7,74.8,74.8,74.1,NA,NA,NA,NA,NA,NA,NA,NA
"000220",77.4,76.9,75.7,75.4,75,75,74.5,74.4,73.5,73.9,73.4,73.2,73.1,73,73.1,72.7,72.4,72.2,72.6,72.1,72,71.8,72,72.2,71.9,71.9,71.4,72.1,71.3,71.4,71.1,71.3,71.4,71.1,71.1,71.5,71.2,70.7,70.9,71,71.1,70.6,70.4,70.5,NA,NA,NA,NA,NA,NA,NA,NA
"000221",79.7,78.7,78.3,77.2,77.9,76.9,76.9,76.7,76.6,76,76.2,75.5,76,75.8,76.4,75.3,74.8,75.1,75.1,75.1,75.3,74.4,75.3,74.7,74.7,74.8,74.2,74.4,74.8,74.6,74.6,74.7,74.1,74.2,74.3,74,74,74.1,73.9,73.8,73.9,73.3,73.7,73.9,NA,NA,NA,NA,NA,NA,NA,NA
"000222",64.6,63.8,63.6,63.2,61.9,62.2,62.1,61.7,61.6,61.2,61.5,61.2,60.9,61,60.6,60.2,60.5,60.6,60,60,59.6,60,59.8,60.2,59.4,59.8,59.7,59.5,60.1,59.2,59.4,59.3,59.1,59,59,59.1,58.9,58.9,59.5,59,58.8,58.9,58.7,58.7,NA,NA,NA,NA,NA,NA,NA,NA
"000223",82.8,81.9,80.8,80.3,80,79.9,79.7,79,78.4,79.1,78.9,78.7,78,78,78,77.6,77.7,77.4,78,77.4,77.3,77.1,77.5,76.7,76.7,76.9,76.6,76.6,77.1,76.5,76.3,76.6,76,76.4,76.6,76.3,76.2,76.2,76.1,75.9,76,75.7,76.2,NA,NA,NA,NA,NA,NA,NA,NA,NA
"000224",76.3,75,74.5,74,73.5,72.7,73.1,72,72.2,72.2,72,71.9,72,71.6,71.4,71.3,71.1,70.8,70.7,70.2,70.8,70.4,70.5,70.9,70.2,70.1,70.2,70.1,70.1,70.1,69.8,70.2,69.2,70.2,69.9,69.8,69.8,69.6,69.6,69.6,69.3,69.4,69.4,NA,NA,NA,NA,NA,NA,NA,NA,NA
"000225",84.6,84,83.1,82.9,82.4,82,82,81.8,81.7,81.7,80.9,80.9,80.8,80.8,80.8,80.6,80.7,80.6,80,80,79.8,80,80.2,80.1,79.7,79.5,79.4,79.5,79.3,79.7,79.6,79.4,79.3,79.1,79.3,79.2,79.2,78.7,78.8,78.7,78.5,78.6,78.5,NA,NA,NA,NA,NA,NA,NA,NA,NA
"000226",86.1,85.7,84.7,84,84.2,83.6,83.3,83.1,82.6,82.4,82.7,82.5,81.9,82.1,82,81.7,82.3,82,81.9,82,81.4,81.2,81.4,81.4,81.4,81.6,81,80.9,80.9,80.7,81,80.9,81.1,80.7,80.3,80.3,80.5,80.7,80,80.8,80.7,80.5,80.3,NA,NA,NA,NA,NA,NA,NA,NA,NA
"000227",83,81.6,81.3,81,80.6,80.5,79.8,80.1,79.8,79.2,79.4,79.2,78.9,78.4,78.7,78.8,78.4,78.2,78.1,78.5,77.7,78.1,77.9,77.7,77.6,77.8,77.7,77.7,78,77.4,77.6,77.2,77.5,77.4,77.4,77,77.5,77.2,77,77.2,77,77.3,NA,NA,NA,NA,NA,NA,NA,NA,NA,NA
"000228",92.2,90.5,90.7,89.6,89.2,89.3,88.8,88.9,89.2,88.2,87.9,87.9,87.6,88.1,87.4,87.6,87.1,87.2,86.8,87.2,86.8,86.9,87.3,87.1,86.5,86.4,86.6,86.6,86,86.2,86,86.7,86,85.9,86.2,86,85.8,86,85.6,85.5,85.7,85.9,NA,NA,NA,NA,NA,NA,NA,NA,NA,NA
"000229",74.4,73.4,72.6,72.1,71.3,71.2,70.9,70.6,70.6,70.6,70,69.8,70.1,69.8,69.7,69.4,69.1,69.4,68.9,68.7,69.1,69,68.8,68.5,68.4,68.6,68.2,67.9,68.3,68.3,68.2,67.8,68,68,67.7,67.7,67.6,67,67.5,67.7,67.8,67.2,NA,NA,NA,NA,NA,NA,NA,NA,NA,NA
"000230",79.8,79,78,77.8,77.5,76.9,76.7,76.6,76.5,76.3,76.4,75.9,75.9,75.8,76.1,75.6,75.7,75.3,75.5,75.3,75.1,75.2,74.9,75.2,75,75.1,74.5,74.5,75,74.7,74.6,73.9,74.4,74.6,74.3,74.3,74.3,74.2,74.2,73.9,74.1,74.1,NA,NA,NA,NA,NA,NA,NA,NA,NA,NA
"000231",69.8,69.2,68.5,67.6,67.9,67.5,66.5,66.6,66.4,66.6,66.7,66.2,66.4,65.7,65.9,65.6,65.5,65.4,65.4,65.4,65.1,65.2,65.6,64.8,65.5,64.9,64.9,64.7,64.9,64.5,64.5,64.5,64,64.3,64.1,64.7,64.2,64.4,64.2,63.8,64.2,64.5,NA,NA,NA,NA,NA,NA,NA,NA,NA,NA
"000232",69.2,68.9,67.8,68.2,67.1,66.7,66.7,66.1,66.2,66.5,65.9,65.4,65.6,65.5,65.4,65.5,65.2,65.1,64.9,65,64.7,64.6,64.7,64.7,64.4,64.5,64.6,64,64,64.5,64.3,63.8,64,64.2,64.1,63.9,63.6,64.2,63.7,63.9,63.8,NA,NA,NA,NA,NA,NA,NA,NA,NA,NA,NA
"000233",83.6,83.1,82.2,81.8,81.1,81.3,81.1,80.9,80.9,80.5,80.2,80.3,80.1,79.8,79.7,79.8,79.6,80,79.4,79.2,78.8,78.9,79,79.4,78.8,78.9,79,78.8,78.5,78.5,78.8,78.3,78.7,77.6,78.1,78.3,78.8,78.6,78.2,78.7,78.3,NA,NA,NA,NA,NA,NA,NA,NA,NA,NA,NA
"000234",89.6,88.3,87.7,87,86,86.1,86.1,85.8,85.7,85.1,85.4,84.9,85.3,84.5,84.3,84.8,84.4,84.2,84,84,83.9,83.9,83.9,83.8,83.6,83.4,83.2,83.3,83,83.8,83.3,82.9,83.2,83,82.8,82.8,82.4,82.5,82.8,82.3,82.5,NA,NA,NA,NA,NA,NA,NA,NA,NA,NA,NA
"000235",78,77.2,76.8,76.5,76,75.7,75.5,74.7,75,74.8,74,74.5,74.7,74,74.3,73.9,74.1,73.8,73.7,73.5,73.2,73.4,73.3,73.2,73.1,72.6,72.7,72.8,73.1,73.1,72.6,72.5,72.2,72.6,72.5,72.8,72.4,72.4,72.5,72.2,72,NA,NA,NA,NA,NA,NA,NA,NA,NA,NA,NA
"000236",70.1,69,68.9,67.9,67.7,67.6,67.2,66.9,66.6,66.8,66.3,66.8,66.6,66,66.3,65.9,65.8,66,65.5,65.5,65.2,65.5,65.6,65.3,64.9,65.5,65,64.6,65.3,64.7,64.7,64.4,65,64.2,64.7,64.5,64.5,64.7,63.7,64.4,NA,NA,NA,NA,NA,NA,NA,NA,NA,NA,NA,NA
"000237",65.2,64.8,63.6,63.1,63.3,62.6,62.2,62.3,61.8,62.3,61.7,60.9,61.9,61.2,61.2,61,61,60.9,60.3,60.5,60.7,60.5,60.6,60.7,59.9,60,60.2,59.9,60.1,60.1,60.2,59.9,60.2,59.9,60,59.5,59.5,59.3,60,59.4,NA,NA,NA,NA,NA,NA,NA,NA,NA,NA,NA,NA
"000238",75.4,74,74.1,73.3,72.6,72.4,72.9,72.1,72,71.9,72.3,71.4,72.1,72,71.1,71.2,70.8,70.7,70.8,71,70.8,70.4,70.6,70.6,70.3,70.3,70.2,69.6,70,70.4,69.9,69.7,69.6,70.1,70.4,70.5,70,69.6,69.8,70,NA,NA,NA,NA,NA,NA,NA,NA,NA,NA,NA,NA
"000239",62.5,61.5,61.1,60.3,59.9,59.6,59.5,59,58.7,58.4,58.4,58.4,58.2,57.9,57.3,57.4,57.2,57.3,57.2,56.4,56.9,56.7,56.8,56.9,56.7,56.9,56.3,56.9,56.5,56.8,56,56.1,56.5,56.1,56.1,55.9,56.2,56,55.9,NA,NA,NA,NA,NA,NA,NA,NA,NA,NA,NA,NA,NA
"000240",72.3,71,70.4,70.4,69.6,69.7,68.6,69.4,69.1,68.6,68.5,68.5,68.5,68.1,68,67.6,67.8,67.5,67.8,67.1,67.5,66.5,67,66.9,67.5,67.1,66.7,66.8,66.7,66.8,66.7,66.3,66.5,66.4,66.8,66.5,66.5,66.2,66.3,NA,NA,NA,NA,NA,NA,NA,NA,NA,NA,NA,NA,NA
"000241",58.5,56.6,56.8,56.3,56.1,55.3,55.1,55.3,55,54.6,54.9,54.9,54.1,53.8,53.9,54,53.7,54.1,53.6,54,53.5,53.6,53.5,53.3,53.2,53.5,53,52.9,53.2,52.4,53.1,52.5,52.9,52.8,52.8,52.9,52.2,52.7,52.6,NA,NA,NA,NA,NA,NA,NA,NA,NA,NA,NA,NA,NA
"000242",75.5,74.6,74.3,73.7,73.2,72.8,72.7,72.8,72.5,72.7,72,72.2,71.8,71.3,71.8,70.9,70.9,71.4,71.3,71.1,70.9,70.6,71.1,70.8,70.6,70.6,69.9,70.1,69.9,70.1,70.5,70.4,70.3,70.1,70.2,70.1,70.5,69.7,70.3,NA,NA,NA,NA,NA,NA,NA,NA,NA,NA,NA,NA,NA
"000243",68.1,67.7,66.3,66.1,65.6,65.5,65.7,64.7,64.9,65,64.4,64.3,63.9,64.6,64,63.9,63.5,63.5,63.5,63.6,63.1,63.1,63.4,63,63,62.7,62.7,62.5,62.5,62.8,62.7,62.6,62.4,62.2,62.1,62.4,61.9,62,62.1,NA,NA,NA,NA,NA,NA,NA,NA,NA,NA,NA,NA,NA
"000244",87,85.8,84.8,84.5,84,84,83.1,83.2,83.4,83.2,82.1,82,82.1,81.6,81.8,81.8,82.1,81.4,81.3,81.2,81.3,81.6,81.5,80.7,81.1,80.4,80.7,80.6,80.7,80.3,80.4,80.5,80.1,80.2,80.5,80.3,80.1,80.3,79.5,NA,NA,NA,NA,NA,NA,NA,NA,NA,NA,NA,NA,NA
"000245",88.7,88,87.6,87.3,86.9,86.4,86.1,86.1,85.9,85.7,85.2,85.3,84.7,84.8,84.9,85,84.5,84.9,84.8,84.1,84.1,84.4,84.1,84.1,83.8,84.1,84.2,83.9,83.4,83.4,83.1,83,83.6,83.7,83.6,83.5,83.3,83,NA,NA,NA,NA,NA,NA,NA,NA,NA,NA,NA,NA,NA,NA
"000246",77.1,76.2,75.9,75.3,74.9,74.8,74.4,74.4,74.5,73.7,73.3,73.5,73.8,73.3,73.1,72.6,73.1,73,73,72.9,72,72.9,72.2,72.7,72.1,72,72.1,72.3,71.4,72.1,71.7,71.6,71.9,71.2,71.4,72.2,71.4,71.7,NA,NA,NA,NA,NA,NA,NA,NA,NA,NA,NA,NA,NA,NA
"000247",72.5,71.9,71.6,70.7,70.6,70.1,69.8,69.9,69.8,69.6,68.8,69.5,69.1,68.6,68.6,68.6,68,68.3,68.4,67.9,68.2,68.2,68.4,67.8,67.8,68.1,67.3,67.7,68.2,67.1,67.8,67.3,67.5,67.4,67,66.8,67.6,67.5,NA,NA,NA,NA,NA,NA,NA,NA,NA,NA,NA,NA,NA,NA
"000248",69.4,69,67.8,67.7,67.4,67.2,66.7,66.7,66.8,66.1,66.5,66.1,65.9,65.5,65.5,65.3,65.5,65.3,65.2,65.4,65.2,65.1,65.2,65.1,64.4,64.9,64.5,64.5,64.7,64.1,64.3,64.6,64.3,64.3,64,64.5,64.3,64.1,NA,NA,NA,NA,NA,NA,NA,NA,NA,NA,NA,NA,NA,NA
"000249",70.7,69.1,69,68.4,68,67.7,67.4,66.5,66.9,66.5,66.2,65.9,66.3,65.7,65.9,65.5,65.6,65.6,65.4,65,65,65.1,65,65,64.5,64.6,64.5,64.8,64.4,64.3,64,64.4,64.3,64.2,64.2,63.9,64,64,NA,NA,NA,NA,NA,NA,NA,NA,NA,NA,NA,NA,NA,NA
"000250",61.9,61.3,60.5,60,60.1,59.3,59.3,59.2,59.2,58.6,58.6,58.1,58.5,58.1,57.8,57.8,57.9,57.8,57.2,57.2,56.7,57.3,57.5,57.2,57.2,57,56.7,57.1,57.1,56.6,56.6,56.6,56.4,57.3,57.1,56.1,56.2,56.8,NA,NA,NA,NA,NA,NA,NA,NA,NA,NA,NA,NA,NA,NA
"000251",82.7,81.6,80.9,80.5,80,80,79.5,79.5,79.5,79.1,79.1,78.9,78.7,79,78.7,78,78.4,78,78,77.6,77.6,77.7,77.9,77.4,77.3,77.2,76.9,77.2,77.1,77.2,77.4,77,77.1,76.7,76.6,76.6,76.7,76.7,NA,NA,NA,NA,NA,NA,NA,NA,NA,NA,NA,NA,NA,NA
"000252",89.2,89.2,88.4,87.7,87.2,87.3,86.5,87.3,86.3,86.6,86.3,85.9,85.8,85.5,85.4,85.8,84.9,85,85.2,84.7,84.4,85,85.1,84.9,84.5,84.5,84.9,84.9,84.4,84.1,84.5,84.1,84.4,84.6,83.8,83.8,83.8,NA,NA,NA,NA,NA,NA,NA,NA,NA,NA,NA,NA,NA,NA,NA
"000253",77.4,76.6,76.3,76,75.6,75.6,75.1,74.5,75,74.1,74,73.9,73.5,73.8,73.4,73.4,73.7,73.2,73.5,73.4,72.9,73.3,72.8,72.6,72.4,72.5,72.3,72.3,72.4,72.2,72.5,71.7,72,72.3,71.9,71.7,72.7,NA,NA,NA,NA,NA,NA,NA,NA,NA,NA,NA,NA,NA,NA,NA
"000254",72,70.7,70.5,69.8,70,69.3,68.8,69.3,68.6,68.7,68.3,68.6,68.5,68.3,68.3,67.7,67.3,67.7,67.5,67.7,67.3,67.1,67.2,67.3,67.3,67,67,66.9,66.9,66.5,66.8,66.4,66.5,66.4,66.3,66.5,66.1,NA,NA,NA,NA,NA,NA,NA,NA,NA,NA,NA,NA,NA,NA,NA
"000255",75.5,75.5,74.5,74.2,73.9,73.5,73.7,73.4,73.3,73.1,72.6,72.3,72.6,72,71.9,71.7,71.4,71.8,72,71.7,71.6,71,71.3,71,71.1,70.9,70.9,71.3,70.6,71.1,71.4,71,70.9,70.8,71.3,70.5,70.3,NA,NA,NA,NA,NA,NA,NA,NA,NA,NA,NA,NA,NA,NA,NA
"000256",78.1,77,76.8,76,75.1,75.2,75.1,74,74.3,74.4,74.4,73.9,73.7,73.5,72.9,73.2,73.4,73.3,73,72.6,72.7,72.5,72.7,72.3,72.4,72,72.2,72.1,72.1,72.6,71.7,71.6,71.4,71.6,72,71.6,NA,NA,NA,NA,NA,NA,NA,NA,NA,NA,NA,NA,NA,NA,NA,NA
"000257",57.4,56.1,55.7,55.4,54.5,55,54,54,53.8,53.2,53.2,52.9,52.9,52.8,52.9,52.3,52,52.2,52.5,52.1,52.3,51.9,51.8,51.8,51.6,51.8,51.3,51.8,51.5,51.6,50.9,50.8,51,51.3,50.6,51.1,NA,NA,NA,NA,NA,NA,NA,NA,NA,NA,NA,NA,NA,NA,NA,NA
"000258",68.3,67.2,67.3,66.3,65.9,65.7,65.7,65.7,65.5,64.9,65.4,64.6,64.6,64.9,64.3,64.1,64.1,64.1,63.9,64,63.7,64.1,63.6,63.3,64.1,63.3,63.3,63.5,63.2,63.3,63.6,63.2,63,62.6,63,63,NA,NA,NA,NA,NA,NA,NA,NA,NA,NA,NA,NA,NA,NA,NA,NA
"000259",69.4,68.5,68.1,67.5,67.6,67.3,66.9,66.6,66.7,66.1,66,65.9,65.8,65.4,65.6,65.5,65.4,65.4,64.7,64.8,64.7,64.9,65.4,64.9,64.8,64.6,64.9,64.3,64.5,64.7,64.3,64.3,64.3,64.2,63.5,64.2,NA,NA,NA,NA,NA,NA,NA,NA,NA,NA,NA,NA,NA,NA,NA,NA
"000260",85.8,84.6,84.2,83.7,83.7,83.2,82.9,82.5,82.7,82.5,82.2,82.6,81.7,81.6,81.1,81.7,81.4,81.3,80.8,81.4,81.3,80.9,80.6,81.1,80.9,80.8,80.7,80.8,80.3,80.5,80.7,80.4,80.1,79.9,80.2,NA,NA,NA,NA,NA,NA,NA,NA,NA,NA,NA,NA,NA,NA,NA,NA,NA
"000261",68.3,67.6,66.9,66.7,66.4,66.2,65.6,65.7,65.8,64.9,64.9,64.5,64.1,64.6,64.5,64.5,64.2,63.9,63.6,64.1,64,64,64.1,63.6,63.7,63.5,63.2,63,63.5,63.2,63.4,63.3,63.6,62.5,63.1,NA,NA,NA,NA,NA,NA,NA,NA,NA,NA,NA,NA,NA,NA,NA,NA,NA
"000262",80.8,79.4,79.3,78.7,78.6,78,78,77.3,77.2,77,77.3,76.8,77.5,76.5,76.1,76.5,76.4,75.6,75.9,75.9,75.9,75.6,75.6,75.3,75.6,75.5,75.5,75.7,75.6,75.4,74.4,75.5,74.9,75.1,75.1,NA,NA,NA,NA,NA,NA,NA,NA,NA,NA,NA,NA,NA,NA,NA,NA,NA
"000263",86.4,85.7,84.5,84,83.7,83.1,82.9,83.1,82.5,82.2,81.9,82.5,81.9,81.6,81.2,81.2,81.1,80.6,80.6,81,80.4,80.8,80.6,80.9,80.5,80,79.7,79.8,80,80.4,79.6,79.5,80,79.6,79.9,NA,NA,NA,NA,NA,NA,NA,NA,NA,NA,NA,NA,NA,NA,NA,NA,NA
"000264",71.6,70.1,69.9,69.7,69.7,68.7,68.2,68.5,68,68,68.1,67.8,67.6,67.3,67.2,67,67.1,66.6,67.2,66.9,67.1,66.4,66.6,66.6,66.6,66.6,65.9,66.1,66.1,66.1,65.7,66.1,66.1,66,65.8,NA,NA,NA,NA,NA,NA,NA,NA,NA,NA,NA,NA,NA,NA,NA,NA,NA
"000265",72,71.6,70.9,70.8,70.8,70.3,70,69.8,69.4,69.5,69.8,69.3,69,68.7,69.3,68.5,68.3,68,68.4,68,68.1,68.2,67.9,67.9,67.9,68.2,67.9,67.7,67.6,67.7,67.2,67.1,67.4,67.3,67.2,NA,NA,NA,NA,NA,NA,NA,NA,NA,NA,NA,NA,NA,NA,NA,NA,NA
"000266",68,67,66.5,66.2,66.4,65.9,65.6,65.4,65,65,64.9,64.3,64.5,64,64.2,63.8,64,63.9,63.7,63.6,63.4,63.5,63.5,63.8,63.4,63.5,63.5,63.1,63.2,62.9,62.8,62.7,63.1,62.6,NA,NA,NA,NA,NA,NA,NA,NA,NA,NA,NA,NA,NA,NA,NA,NA,NA,NA
"000267",58.3,57.2,56.8,57,56,55.9,55.5,55.6,55.1,55.1,55,54.6,54.4,54.9,54.6,54.3,54,54.3,54,54.2,53.9,54.2,53.4,53.6,53.4,53.7,53.8,53.2,53,53.2,53,53.3,53,53,NA,NA,NA,NA,NA,NA,NA,NA,NA,NA,NA,NA,NA,NA,NA,NA,NA,NA
"000268",83.2,82.5,81.7,81.1,80.4,80.3,80,80.3,79.9,79.6,79.2,79.1,79.3,78.4,78.3,78.4,78.7,78.4,78.2,77.4,78.4,77.6,77.7,77.6,77.3,77.3,77.2,76.9,77.3,77.6,77.3,77.6,77.3,76.6,NA,NA,NA,NA,NA,NA,NA,NA,NA,NA,NA,NA,NA,NA,NA,NA,NA,NA
"000269",67.8,67.2,67.1,66.3,66.3,66.2,66,65.6,64.9,64.9,64.7,64.6,64.6,64.5,64.1,64.2,64.3,64.2,64.3,64.1,63.9,63.7,63.7,63.3,63.4,63.3,63.5,63.1,63.4,63.3,62.7,62.9,63,63.3,NA,NA,NA,NA,NA,NA,NA,NA,NA,NA,NA,NA,NA,NA,NA,NA,NA,NA
"000270",64.8,64.3,63.2,62.8,62.6,62.3,62.1,62.2,61.7,61.5,61.1,61.7,61,61.1,61.4,61,60.4,60.1,60.6,60.7,60.5,60.6,60.3,60.2,60.1,60.1,60,59.4,59.5,59.6,59.5,59.5,59.3,59.4,NA,NA,NA,NA,NA,NA,NA,NA,NA,NA,NA,NA,NA,NA,NA,NA,NA,NA
"000271",76.3,75.1,74.6,73.7,74.2,73.4,72.8,73,72.6,72.6,72.3,72.1,72.4,72.2,71.7,72.2,71.5,71.3,71.2,71.4,71.7,71.4,71.4,70.6,70.8,70.7,71.1,70.4,70.7,70.8,70.8,70.1,70.4,NA,NA,NA,NA,NA,NA,NA,NA,NA,NA,NA,NA,NA,NA,NA,NA,NA,NA,NA
"000272",76.2,75.1,74.9,74.5,73.7,73.6,73.8,72.7,73,72.8,72.9,72.6,72.1,72.3,72.4,72.2,71.6,71.9,72.1,72,71.8,71.7,71.3,71.6,71.6,71.3,71.5,71.1,71.1,71,70.9,71.2,71,NA,NA,NA,NA,NA,NA,NA,NA,NA,NA,NA,NA,NA,NA,NA,NA,NA,NA,NA
"000273",88.3,87.7,87.2,86.4,85.7,86.2,85.5,85.7,85.4,85.2,85.1,85.5,84.9,84.4,84.3,84.9,84.5,84.2,83.9,83.8,84,84.3,84,84.2,83.3,84,83.3,84.1,84,83.5,83.8,83.2,83.5,NA,NA,NA,NA,NA,NA,NA,NA,NA,NA,NA,NA,NA,NA,NA,NA,NA,NA,NA
"000274",79,78,77.2,76.6,76.6,76.1,75.9,75.7,75.6,75.3,74.9,74.7,75.4,74.2,74.5,74.3,74,73.8,73.9,74,73.9,74.1,73.6,73.9,73.6,73.5,73.6,73.6,73.6,72.7,73.3,73.9,73.4,NA,NA,NA,NA,NA,NA,NA,NA,NA,NA,NA,NA,NA,NA,NA,NA,NA,NA,NA
"000275",75.2,75.2,74.2,73.4,73.7,72.9,73.2,73,72.2,72,71.8,72.4,71.5,71.5,71.6,71.5,71.5,71.3,71,71.1,71.4,70.9,71,70.5,70.2,71,70.2,71,70.7,70.6,70.4,70.5,NA,NA,NA,NA,NA,NA,NA,NA,NA,NA,NA,NA,NA,NA,NA,NA,NA,NA,NA,NA
"000276",76.3,75.5,75,74.2,73.6,73.8,73.5,73.8,73,73,72.7,72.5,72.1,72.1,71.8,71.4,72,71.6,71.3,72,72,71.4,71.8,71.2,70.8,71.4,71.1,71.1,70.9,71,70.6,70.6,NA,NA,NA,NA,NA,NA,NA,NA,NA,NA,NA,NA,NA,NA,NA,NA,NA,NA,NA,NA
"000277",71.3,70.5,69.9,69.4,69.1,69,68.5,68.9,68.6,67.9,67.6,67.6,67.6,67.7,67.4,67.2,67,67,67,66.4,66.7,67.1,66.9,66.5,66.8,66.3,66.1,67,66.3,66.3,66.1,66.3,NA,NA,NA,NA,NA,NA,NA,NA,NA,NA,NA,NA,NA,NA,NA,NA,NA,NA,NA,NA
"000278",93.6,92.7,92,91.6,91.5,90.8,90.9,90.6,90.1,90.2,90,89.8,89.8,89.4,89.5,89.7,89.3,89.2,89.1,88.9,88.9,89.1,89,88.7,88.6,88.2,88.7,88.3,88.3,88.5,88.3,NA,NA,NA,NA,NA,NA,NA,NA,NA,NA,NA,NA,NA,NA,NA,NA,NA,NA,NA,NA,NA
"000279",58.1,57.4,57.4,57.1,56.4,56.2,55.6,55.9,55.3,55.5,55.1,54.7,54.5,54.3,54.5,54.3,54.3,54.2,54.6,54.1,54.1,53.7,54.2,53.9,53.7,53.7,54,53.5,53,53.4,52.9,NA,NA,NA,NA,NA,NA,NA,NA,NA,NA,NA,NA,NA,NA,NA,NA,NA,NA,NA,NA,NA
"000280",73,72.2,71.2,70.6,70.8,70.3,70.1,69.9,69.6,69.4,69.2,69.1,68.8,68.6,68.9,69,68.1,68.5,68.3,68.1,68.9,68.1,67.5,68.1,68,67.9,67.8,67,67.3,67.6,67.3,NA,NA,NA,NA,NA,NA,NA,NA,NA,NA,NA,NA,NA,NA,NA,NA,NA,NA,NA,NA,NA
"000281",86.4,85.7,85.3,84.8,84.4,84.1,83.4,83.3,83.1,83.3,83,82.5,82.7,82.3,82.9,82,82.2,82.1,82,81.8,82.1,81.8,81.7,81.7,81.6,81.4,81.2,81.1,81.3,81.3,80.8,NA,NA,NA,NA,NA,NA,NA,NA,NA,NA,NA,NA,NA,NA,NA,NA,NA,NA,NA,NA,NA
"000282",93.2,92.5,92.3,91.5,91.2,90.9,90.6,90.5,90.3,89.9,90.3,89.9,89.6,89.3,89.2,89,89.4,88.9,88.4,88.6,89.1,88.4,88.2,88.2,88.3,88.1,88.6,88.3,87.9,88.2,88,NA,NA,NA,NA,NA,NA,NA,NA,NA,NA,NA,NA,NA,NA,NA,NA,NA,NA,NA,NA,NA
"000283",85.6,85,83.9,83.3,83.1,82.9,82.8,82.3,82.6,82.1,82.4,81.8,82,81.7,81.4,81.1,80.8,80.9,80.8,81.1,80.4,80.6,80.6,80.5,80.4,79.9,80.5,80.5,80,80.4,NA,NA,NA,NA,NA,NA,NA,NA,NA,NA,NA,NA,NA,NA,NA,NA,NA,NA,NA,NA,NA,NA
"000284",71.3,70.8,69.8,69.4,69.2,69.4,69,68.5,68.1,68.1,68,68,67.4,67.6,67.4,67.6,67.1,67.5,67.4,66.8,67,67.1,67.1,67.2,66.7,66.4,66.3,66.1,66.8,66,NA,NA,NA,NA,NA,NA,NA,NA,NA,NA,NA,NA,NA,NA,NA,NA,NA,NA,NA,NA,NA,NA
"000285",68,66.5,66.5,65.4,65.3,64.5,64.4,64.2,63.9,63.9,63.8,63.1,63.6,63.3,63.1,63.1,62.7,62.8,62.7,62.3,62.5,62.5,61.9,62,61.8,62,61.8,62,62,61.4,NA,NA,NA,NA,NA,NA,NA,NA,NA,NA,NA,NA,NA,NA,NA,NA,NA,NA,NA,NA,NA,NA
"000286",73.2,72.4,72.1,71.5,71.4,71.2,70.4,70.4,69.9,70.3,70.1,69.4,69.4,69.8,68.9,69.6,69,69.6,68.9,68.6,68.3,68.3,68.3,68.4,68.9,68.9,68.2,68.5,68.2,NA,NA,NA,NA,NA,NA,NA,NA,NA,NA,NA,NA,NA,NA,NA,NA,NA,NA,NA,NA,NA,NA,NA
"000287",77.4,76.4,76,75.2,75.2,75,74.6,74.5,74.2,73.9,74.2,73.8,73.9,73.5,73.3,73.4,73.3,73.1,73.2,73,72.9,72.9,72.6,72.6,72.4,72.2,72.5,72.2,72.4,NA,NA,NA,NA,NA,NA,NA,NA,NA,NA,NA,NA,NA,NA,NA,NA,NA,NA,NA,NA,NA,NA,NA
"000288",57.3,55.6,56.1,55.2,55,54.8,54.5,53.6,54.1,54.2,53.6,53.3,53.7,53.4,53.2,52.7,52.5,52.9,52.4,52.4,52.4,52.5,52.4,52.3,52.3,52.1,52.2,52.1,51.8,NA,NA,NA,NA,NA,NA,NA,NA,NA,NA,NA,NA,NA,NA,NA,NA,NA,NA,NA,NA,NA,NA,NA
"000289",64.5,63.8,62.9,62.3,62.4,62.1,61.6,61.5,60.9,61.6,60.9,61.1,60.8,60.9,60.8,60.9,60,59.9,59.8,60.1,60,60,60.1,59.8,59.4,59.5,59.6,59.7,59.8,NA,NA,NA,NA,NA,NA,NA,NA,NA,NA,NA,NA,NA,NA,NA,NA,NA,NA,NA,NA,NA,NA,NA
"000290",86.6,85.4,84.8,84.7,84.1,83.6,83.6,83.6,83.3,82.7,82.8,82.7,82.7,82.2,81.9,82.3,82.3,81.8,82,81.9,82.1,81.4,81.8,81.1,81.5,81.6,81.2,81.3,81.3,NA,NA,NA,NA,NA,NA,NA,NA,NA,NA,NA,NA,NA,NA,NA,NA,NA,NA,NA,NA,NA,NA,NA
"000291",64.3,62.9,62.6,62.3,62,61.5,61.5,61.3,61.1,60.7,60.8,60.3,60.5,60.3,59.8,59.7,59.8,60,59,59.4,59.8,59.3,59.5,58.9,58.9,59.5,58.9,58.9,59.2,NA,NA,NA,NA,NA,NA,NA,NA,NA,NA,NA,NA,NA,NA,NA,NA,NA,NA,NA,NA,NA,NA,NA
"000292",63.6,62.7,62.9,61.9,61.1,61.3,61.2,60.7,61.1,60.3,59.9,60,60.1,59.7,59.9,59.8,59.6,60.1,59.6,59.3,59.3,59,59.1,59.3,58.8,58.9,59,58.7,NA,NA,NA,NA,NA,NA,NA,NA,NA,NA,NA,NA,NA,NA,NA,NA,NA,NA,NA,NA,NA,NA,NA,NA
"000293",57.7,56.4,55.7,55.4,55.3,54.8,54.3,53.7,54.2,53.6,53.1,53.4,52.7,52.8,53.1,52.8,52.6,52.6,52,52.2,52,51.9,52.4,51.8,51.9,51.2,51.2,52,NA,NA,NA,NA,NA,NA,NA,NA,NA,NA,NA,NA,NA,NA,NA,NA,NA,NA,NA,NA,NA,NA,NA,NA
"000294",80,79.2,78.7,78.2,78.1,77.9,77.5,76.7,76.7,77,77,76.5,76.3,75.9,76.7,76.2,75.7,75.7,75.8,75.9,75.7,75.6,75.5,75.6,75.8,75.6,74.9,75.5,NA,NA,NA,NA,NA,NA,NA,NA,NA,NA,NA,NA,NA,NA,NA,NA,NA,NA,NA,NA,NA,NA,NA,NA
"000295",69.1,68.6,67.9,67.2,67.3,67,66.4,66.3,66.1,66.7,65.8,65.5,65.7,65.5,65.9,65.1,65.1,65.1,64.6,64.3,64.9,64.7,64.3,63.8,64.6,64.6,64.1,63.9,NA,NA,NA,NA,NA,NA,NA,NA,NA,NA,NA,NA,NA,NA,NA,NA,NA,NA,NA,NA,NA,NA,NA,NA
"000296",61.8,61.3,60.6,59.9,59.7,59.1,59.4,58.5,58.7,58.3,58.7,58.1,57.9,58.1,57.7,57.9,57.9,57.5,57.4,57.4,56.6,57.1,56.6,56.7,56.7,56.9,56.3,NA,NA,NA,NA,NA,NA,NA,NA,NA,NA,NA,NA,NA,NA,NA,NA,NA,NA,NA,NA,NA,NA,NA,NA,NA
"000297",79.1,79,78.7,78.1,77.1,77.5,77.1,76.8,76.9,76.5,76.2,76,76.3,76.1,75.5,75.5,75.9,75.3,75.3,75.4,75,74.9,75,75,75.3,74.6,74.9,NA,NA,NA,NA,NA,NA,NA,NA,NA,NA,NA,NA,NA,NA,NA,NA,NA,NA,NA,NA,NA,NA,NA,NA,NA
"000298",75.8,74.7,74.6,73.9,73.6,73.5,72.9,73.2,72.6,72.4,72.2,72.3,72.5,72.2,72.4,71.8,71.8,72,71.6,71.7,71,71.6,70.9,71,71.5,71.1,71.2,NA,NA,NA,NA,NA,NA,NA,NA,NA,NA,NA,NA,NA,NA,NA,NA,NA,NA,NA,NA,NA,NA,NA,NA,NA
"000299",66.4,65.4,64.6,64.8,63.7,63.8,63.8,63.1,62.8,62.9,63.1,63,63,62.4,62.6,62.8,62.7,62.2,62.3,62.2,61.7,61.4,61.6,61.6,61.6,61.8,61.4,NA,NA,NA,NA,NA,NA,NA,NA,NA,NA,NA,NA,NA,NA,NA,NA,NA,NA,NA,NA,NA,NA,NA,NA,NA
"000300",72.4,71.5,71.1,70.6,70.9,70.6,69.8,69.4,69.5,69.1,68.9,68.9,69,69.2,68.2,68.5,68,67.7,67.8,67.9,68.3,67.7,68.2,67.9,67.7,67.4,67.7,NA,NA,NA,NA,NA,NA,NA,NA,NA,NA,NA,NA,NA,NA,NA,NA,NA,NA,NA,NA,NA,NA,NA,NA,NA
"000301",86.1,85.6,85.1,83.8,83.8,83.9,83.3,83.7,82.9,83.2,82.8,82.7,82.6,82.3,81.9,82.4,81.9,81.6,81.7,81.5,81.7,81.7,81.5,81.7,81.6,81.4,81,NA,NA,NA,NA,NA,NA,NA,NA,NA,NA,NA,NA,NA,NA,NA,NA,NA,NA,NA,NA,NA,NA,NA,NA,NA
"000302",65.8,65.4,64.2,64.1,63.9,63.1,63.1,63.3,62.3,63,62.2,62.1,61.7,62,61.6,61.5,61.4,61.4,60.8,60.8,61.2,61.3,61,61.4,61.2,61.1,NA,NA,NA,NA,NA,NA,NA,NA,NA,NA,NA,NA,NA,NA,NA,NA,NA,NA,NA,NA,NA,NA,NA,NA,NA,NA
"000303",88.4,87.4,86.5,86.3,85.9,85.4,85.2,84.5,84.9,84.6,83.9,84.7,84.1,84.5,84.3,83.8,83.8,84.2,83.7,83.7,83.6,83.4,83.5,83.2,82.9,83.4,NA,NA,NA,NA,NA,NA,NA,NA,NA,NA,NA,NA,NA,NA,NA,NA,NA,NA,NA,NA,NA,NA,NA,NA,NA,NA
"000304",86.9,86.1,85.1,84.8,84,84.3,84.5,83.4,83.4,83.4,83.3,83.2,83.3,83,83,82.4,82.6,82.4,82.9,82.3,82.3,81.8,82.1,81.9,82.1,82.1,NA,NA,NA,NA,NA,NA,NA,NA,NA,NA,NA,NA,NA,NA,NA,NA,NA,NA,NA,NA,NA,NA,NA,NA,NA,NA
"000305",72.3,71.8,70.9,71,70.1,70,69.7,69.6,69.6,69.5,69.3,69.1,69.2,68.4,68.5,68.3,68.4,67.8,68.1,68.4,67.8,68,67.7,67.5,67.6,67.7,NA,NA,NA,NA,NA,NA,NA,NA,NA,NA,NA,NA,NA,NA,NA,NA,NA,NA,NA,NA,NA,NA,NA,NA,NA,NA
"000306",60.8,60.4,59.6,59.5,59,58.8,58.3,58.4,58,57.5,57.9,57.3,57,57.1,56.8,57.2,57.3,56.5,56.6,56.5,56.4,56.3,55.8,56.3,56.5,NA,NA,NA,NA,NA,NA,NA,NA,NA,NA,NA,NA,NA,NA,NA,NA,NA,NA,NA,NA,NA,NA,NA,NA,NA,NA,NA
"000307",64.8,64.2,63.5,63.3,62.6,62.5,62.4,61.3,62,62,61.8,61.4,61.4,61.2,61,61.4,61,60.7,60.4,60.3,59.9,60.2,59.6,59.9,60.4,NA,NA,NA,NA,NA,NA,NA,NA,NA,NA,NA,NA,NA,NA,NA,NA,NA,NA,NA,NA,NA,NA,NA,NA,NA,NA,NA
"000308",84.5,83.9,83.4,82.5,82.5,82.3,82,81.9,81.7,81.1,81.2,81.1,81,80.9,80.8,80.3,80.6,80.2,80.6,80,79.9,79.5,79.6,79.9,80.1,NA,NA,NA,NA,NA,NA,NA,NA,NA,NA,NA,NA,NA,NA,NA,NA,NA,NA,NA,NA,NA,NA,NA,NA,NA,NA,NA
"000309",72,71.1,70,70.2,69.6,69.5,69,68.9,69.2,68.4,68.2,68.7,67.9,67.8,67.8,67.2,67.5,67.3,67.4,67.1,67.6,67.2,66.6,67.1,66.8,NA,NA,NA,NA,NA,NA,NA,NA,NA,NA,NA,NA,NA,NA,NA,NA,NA,NA,NA,NA,NA,NA,NA,NA,NA,NA,NA
"000310",87.6,86.5,85.9,85.7,85.2,85.2,85,84.7,84.7,84,84,84.2,83.3,83.7,83.3,83.5,83.3,82.7,83.3,82.6,83,82.6,82.7,83.2,82.7,NA,NA,NA,NA,NA,NA,NA,NA,NA,NA,NA,NA,NA,NA,NA,NA,NA,NA,NA,NA,NA,NA,NA,NA,NA,NA,NA
"000311",80.5,79.5,79.1,78,78.1,77.6,77.9,77.3,76.9,76.8,76.4,76.4,76,76.1,75.9,76,75.6,75.7,75.5,75.7,75.5,75.4,75.9,74.9,74.7,NA,NA,NA,NA,NA,NA,NA,NA,NA,NA,NA,NA,NA,NA,NA,NA,NA,NA,NA,NA,NA,NA,NA,NA,NA,NA,NA
"000312",77.2,75.7,76.1,75,74.7,74.3,74.4,74.1,73.9,73.8,73.7,73.6,73.4,72.9,73.5,73,72.9,73,72.6,73,72.5,72.6,72.7,72.2,NA,NA,NA,NA,NA,NA,NA,NA,NA,NA,NA,NA,NA,NA,NA,NA,NA,NA,NA,NA,NA,NA,NA,NA,NA,NA,NA,NA
"000313",65.1,64.2,63.9,63.6,63.1,62.7,62.4,62.2,61.8,61.4,61.6,61.5,61.9,61.2,61.3,61.1,60.8,60.3,60.5,60.5,60.3,60.2,60,60.2,NA,NA,NA,NA,NA,NA,NA,NA,NA,NA,NA,NA,NA,NA,NA,NA,NA,NA,NA,NA,NA,NA,NA,NA,NA,NA,NA,NA
"000314",69.7,69.2,68.6,67.9,68,67.8,67.4,66.8,67,66.4,66.4,66.7,65.6,66.1,66,65.9,65.7,65.8,66.1,65.3,65.1,65.8,65,64.9,NA,NA,NA,NA,NA,NA,NA,NA,NA,NA,NA,NA,NA,NA,NA,NA,NA,NA,NA,NA,NA,NA,NA,NA,NA,NA,NA,NA
"000315",68.6,68.5,67.5,66.8,66.4,66.5,66.4,66.3,65.5,65.7,65.9,65.6,65,64.9,64.9,65.2,64.9,64.5,64.6,64.5,64.8,64.5,64.3,64.5,NA,NA,NA,NA,NA,NA,NA,NA,NA,NA,NA,NA,NA,NA,NA,NA,NA,NA,NA,NA,NA,NA,NA,NA,NA,NA,NA,NA
"000316",82.9,82.4,81.8,81.3,81.2,80.5,79.8,79.7,80.2,79.5,79.5,79.4,79.2,79.1,79.1,79,78.8,78.3,78.3,78.6,78.1,78.3,78.5,77.9,NA,NA,NA,NA,NA,NA,NA,NA,NA,NA,NA,NA,NA,NA,NA,NA,NA,NA,NA,NA,NA,NA,NA,NA,NA,NA,NA,NA
"000317",76.5,75.8,75,74.8,74.6,73.8,74.1,73.6,73.3,73.5,73.2,73,72.8,72.7,72.9,72.2,72.6,72.4,72.2,72.1,72.3,72.3,72.1,71.9,NA,NA,NA,NA,NA,NA,NA,NA,NA,NA,NA,NA,NA,NA,NA,NA,NA,NA,NA,NA,NA,NA,NA,NA,NA,NA,NA,NA
"000318",74,73,72.5,71.8,71.2,70.9,71.2,70.9,70.8,70.4,69.9,69.4,70.2,69.2,70,69.3,69.3,69.4,69.1,68.9,69,68.4,68.8,68.4,NA,NA,NA,NA,NA,NA,NA,NA,NA,NA,NA,NA,NA,NA,NA,NA,NA,NA,NA,NA,NA,NA,NA,NA,NA,NA,NA,NA
"000319",89.9,88.8,88.6,87.6,87.1,87.1,86.3,86.5,86.5,86.2,85.9,85.4,85,85,85.3,84.5,84.8,84.6,84.2,84.8,84.8,84.2,84.7,NA,NA,NA,NA,NA,NA,NA,NA,NA,NA,NA,NA,NA,NA,NA,NA,NA,NA,NA,NA,NA,NA,NA,NA,NA,NA,NA,NA,NA
"000320",70.2,69.1,68.5,67.7,67.1,67,66.2,66.5,66.5,65.9,65.8,65.9,65.1,64.9,65.3,65.2,64.8,64.9,64.5,65,64.3,64.4,64.4,NA,NA,NA,NA,NA,NA,NA,NA,NA,NA,NA,NA,NA,NA,NA,NA,NA,NA,NA,NA,NA,NA,NA,NA,NA,NA,NA,NA,NA
"000321",73.5,73.1,72.6,72.3,71.5,72,71.6,71.2,70.7,70.1,69.8,69.9,69.7,69.9,69.3,69,69.8,69.3,69.2,69.1,68.8,69.2,68.7,NA,NA,NA,NA,NA,NA,NA,NA,NA,NA,NA,NA,NA,NA,NA,NA,NA,NA,NA,NA,NA,NA,NA,NA,NA,NA,NA,NA,NA
"000322",74.8,73.7,73.6,73,72.7,72.3,72,72.3,71.7,71.5,71.4,70.9,71,71.1,70.9,70.7,70.7,70.8,70.4,70.6,70.4,70.5,NA,NA,NA,NA,NA,NA,NA,NA,NA,NA,NA,NA,NA,NA,NA,NA,NA,NA,NA,NA,NA,NA,NA,NA,NA,NA,NA,NA,NA,NA
"000323",79.8,78.9,77.8,78.7,77.4,77.4,76.5,76.8,76.3,76.1,76.2,76.1,75.9,76.1,75.9,75.5,75.5,75.2,75.1,75,75.1,75,NA,NA,NA,NA,NA,NA,NA,NA,NA,NA,NA,NA,NA,NA,NA,NA,NA,NA,NA,NA,NA,NA,NA,NA,NA,NA,NA,NA,NA,NA
"000324",78.4,77.5,76.9,77.2,76.4,76.3,75.7,75.7,75.7,75.5,75.4,75,74.9,74.7,74.6,74.6,74.8,74.1,74.5,74.5,74.2,NA,NA,NA,NA,NA,NA,NA,NA,NA,NA,NA,NA,NA,NA,NA,NA,NA,NA,NA,NA,NA,NA,NA,NA,NA,NA,NA,NA,NA,NA,NA
"000325",78.4,77.6,76.8,76.5,76.3,75.6,75.9,75.5,75,75.1,74.4,74.4,74.4,74.5,74.6,74.5,74,74.5,73.7,73.6,73.7,NA,NA,NA,NA,NA,NA,NA,NA,NA,NA,NA,NA,NA,NA,NA,NA,NA,NA,NA,NA,NA,NA,NA,NA,NA,NA,NA,NA,NA,NA,NA
"000326",62.3,61.2,60.3,59.8,59.5,59.4,58.7,58.5,58.1,58.7,57.8,58,57.3,58.1,57.2,57.3,57.3,57.6,57.2,57,57,NA,NA,NA,NA,NA,NA,NA,NA,NA,NA,NA,NA,NA,NA,NA,NA,NA,NA,NA,NA,NA,NA,NA,NA,NA,NA,NA,NA,NA,NA,NA
"000327",72.3,71.3,70.4,69.8,69.3,69,68.8,68.3,68.1,68.5,68.6,68,67.7,67.5,67.2,67.2,67,67,66.6,67,66.1,NA,NA,NA,NA,NA,NA,NA,NA,NA,NA,NA,NA,NA,NA,NA,NA,NA,NA,NA,NA,NA,NA,NA,NA,NA,NA,NA,NA,NA,NA,NA
"000328",83.7,82.6,83.3,82.3,82.4,81.4,81.6,81.2,80.8,80.7,80.8,80.6,80.5,80.2,80.1,79.4,79.9,80,79.6,79.5,NA,NA,NA,NA,NA,NA,NA,NA,NA,NA,NA,NA,NA,NA,NA,NA,NA,NA,NA,NA,NA,NA,NA,NA,NA,NA,NA,NA,NA,NA,NA,NA
"000329",88.6,87.8,87.2,86.6,86.8,85.9,86.5,86.1,86,85.6,84.9,84.8,85,84.9,84.9,84.2,84.2,84.4,84.8,84.4,NA,NA,NA,NA,NA,NA,NA,NA,NA,NA,NA,NA,NA,NA,NA,NA,NA,NA,NA,NA,NA,NA,NA,NA,NA,NA,NA,NA,NA,NA,NA,NA
"000330",76.1,75.2,74.5,73.9,74,73.7,73.9,73.2,72.8,72.9,72.4,72.2,72.5,72.2,71.8,72.1,72,71.8,71.6,71.4,NA,NA,NA,NA,NA,NA,NA,NA,NA,NA,NA,NA,NA,NA,NA,NA,NA,NA,NA,NA,NA,NA,NA,NA,NA,NA,NA,NA,NA,NA,NA,NA
"000331",80.9,80.4,79.4,79.2,78.7,78.3,77.9,77.4,76.9,77.1,77.1,76.7,76.4,76.8,76.3,76.1,76,76.3,76.2,76,NA,NA,NA,NA,NA,NA,NA,NA,NA,NA,NA,NA,NA,NA,NA,NA,NA,NA,NA,NA,NA,NA,NA,NA,NA,NA,NA,NA,NA,NA,NA,NA
"000332",74.9,73.8,72.8,72.9,72.3,71.7,71.6,71,71.3,71,71.1,70.4,69.7,70.3,70.3,69.5,70.1,69.8,69.6,69.2,NA,NA,NA,NA,NA,NA,NA,NA,NA,NA,NA,NA,NA,NA,NA,NA,NA,NA,NA,NA,NA,NA,NA,NA,NA,NA,NA,NA,NA,NA,NA,NA
"000333",75.3,74.5,73.4,73,72.5,72,72.1,72,71.6,71.3,71.3,71.7,71.3,71.4,71.2,70.1,70.9,70.4,70.3,70.6,NA,NA,NA,NA,NA,NA,NA,NA,NA,NA,NA,NA,NA,NA,NA,NA,NA,NA,NA,NA,NA,NA,NA,NA,NA,NA,NA,NA,NA,NA,NA,NA
"000334",73.7,72.7,72.5,71.8,71.2,71,71,70.9,70.3,70.5,70.4,69.9,69.8,69.8,69.5,69.7,69.7,69.2,69.1,NA,NA,NA,NA,NA,NA,NA,NA,NA,NA,NA,NA,NA,NA,NA,NA,NA,NA,NA,NA,NA,NA,NA,NA,NA,NA,NA,NA,NA,NA,NA,NA,NA
"000335",59.8,58.8,58.1,57.7,57.2,57.2,56.8,56.7,56.4,55.9,56.1,55.8,56.1,55.8,55.3,55.7,55.6,55.5,55.3,NA,NA,NA,NA,NA,NA,NA,NA,NA,NA,NA,NA,NA,NA,NA,NA,NA,NA,NA,NA,NA,NA,NA,NA,NA,NA,NA,NA,NA,NA,NA,NA,NA
"000336",95.7,94.2,93.6,93.8,93.1,92.3,92.8,92.3,92.2,91.9,91.5,91.4,91.4,91.1,91.5,91.2,90.7,90.6,90.5,NA,NA,NA,NA,NA,NA,NA,NA,NA,NA,NA,NA,NA,NA,NA,NA,NA,NA,NA,NA,NA,NA,NA,NA,NA,NA,NA,NA,NA,NA,NA,NA,NA
"000337",85.2,84.4,84.2,83.1,83,82.9,82.2,82.2,81.8,82.1,81.8,81.7,81.5,81,81.6,81.1,81.2,81,80.8,NA,NA,NA,NA,NA,NA,NA,NA,NA,NA,NA,NA,NA,NA,NA,NA,NA,NA,NA,NA,NA,NA,NA,NA,NA,NA,NA,NA,NA,NA,NA,NA,NA
"000338",67.3,66.5,65.8,65.3,64.7,64.5,64,63.8,63.2,63.3,63,63,62.8,62.6,62.9,62.2,62.4,61.9,61.6,NA,NA,NA,NA,NA,NA,NA,NA,NA,NA,NA,NA,NA,NA,NA,NA,NA,NA,NA,NA,NA,NA,NA,NA,NA,NA,NA,NA,NA,NA,NA,NA,NA
"000339",84.2,82.7,82.6,82,81.6,81.5,81.1,81.1,80.6,80.3,80.7,80.4,80,79.7,79.7,79.4,79.3,79.6,79.4,NA,NA,NA,NA,NA,NA,NA,NA,NA,NA,NA,NA,NA,NA,NA,NA,NA,NA,NA,NA,NA,NA,NA,NA,NA,NA,NA,NA,NA,NA,NA,NA,NA
"000340",68.4,67.9,67.6,66.4,66.6,66,66,66,65.5,65.5,65,64.6,64.7,64.5,64.2,64.1,64.3,63.8,NA,NA,NA,NA,NA,NA,NA,NA,NA,NA,NA,NA,NA,NA,NA,NA,NA,NA,NA,NA,NA,NA,NA,NA,NA,NA,NA,NA,NA,NA,NA,NA,NA,NA
"000341",94.3,93.6,93.1,92.6,92.1,91.6,91.8,91.5,90.7,91.1,91.2,90.4,90,90.2,90.4,90.7,89.5,89.8,NA,NA,NA,NA,NA,NA,NA,NA,NA,NA,NA,NA,NA,NA,NA,NA,NA,NA,NA,NA,NA,NA,NA,NA,NA,NA,NA,NA,NA,NA,NA,NA,NA,NA
"000342",66.7,65.9,64.9,64.6,64.5,64.6,63.5,63.7,63.7,63,63,62.9,62.7,62.6,62.6,62,62.2,62.5,NA,NA,NA,NA,NA,NA,NA,NA,NA,NA,NA,NA,NA,NA,NA,NA,NA,NA,NA,NA,NA,NA,NA,NA,NA,NA,NA,NA,NA,NA,NA,NA,NA,NA
"000343",64.3,63,61.9,61.8,61.7,61.6,61.3,60.9,60.8,60.3,60.3,60.4,59.8,60.2,60,59.1,59.7,59.6,NA,NA,NA,NA,NA,NA,NA,NA,NA,NA,NA,NA,NA,NA,NA,NA,NA,NA,NA,NA,NA,NA,NA,NA,NA,NA,NA,NA,NA,NA,NA,NA,NA,NA
"000344",69.1,68.4,67.8,67.3,67,66.6,66.4,66.4,66.5,65.8,65.4,65.3,65.4,65.5,65.4,65.2,65.2,NA,NA,NA,NA,NA,NA,NA,NA,NA,NA,NA,NA,NA,NA,NA,NA,NA,NA,NA,NA,NA,NA,NA,NA,NA,NA,NA,NA,NA,NA,NA,NA,NA,NA,NA
"000345",74.5,73.6,73.3,72.2,72.3,71.8,71.9,71.4,71.4,71,70.6,70.9,71.1,70.3,70.6,70.7,70.5,NA,NA,NA,NA,NA,NA,NA,NA,NA,NA,NA,NA,NA,NA,NA,NA,NA,NA,NA,NA,NA,NA,NA,NA,NA,NA,NA,NA,NA,NA,NA,NA,NA,NA,NA
"000346",83.1,82.5,81.5,81.4,80.6,81,80.7,79.9,79.8,79.8,80,79.5,79.6,79.8,79.4,79.5,79,NA,NA,NA,NA,NA,NA,NA,NA,NA,NA,NA,NA,NA,NA,NA,NA,NA,NA,NA,NA,NA,NA,NA,NA,NA,NA,NA,NA,NA,NA,NA,NA,NA,NA,NA
"000347",76,75.4,74.3,73.9,74.1,73.9,73.3,73.2,72.7,72.2,72.2,72.6,72.5,72,71.5,72,71.5,NA,NA,NA,NA,NA,NA,NA,NA,NA,NA,NA,NA,NA,NA,NA,NA,NA,NA,NA,NA,NA,NA,NA,NA,NA,NA,NA,NA,NA,NA,NA,NA,NA,NA,NA
"000348",71.2,70.2,70.3,69.9,69.4,69.1,69.1,68.5,68.4,67.8,67.9,68,68,67.6,67.3,67.5,NA,NA,NA,NA,NA,NA,NA,NA,NA,NA,NA,NA,NA,NA,NA,NA,NA,NA,NA,NA,NA,NA,NA,NA,NA,NA,NA,NA,NA,NA,NA,NA,NA,NA,NA,NA
"000349",74.4,73.6,73.1,72.9,72.2,71.9,71.8,71.1,71,71.2,70.8,70.8,70.9,70.6,70.4,NA,NA,NA,NA,NA,NA,NA,NA,NA,NA,NA,NA,NA,NA,NA,NA,NA,NA,NA,NA,NA,NA,NA,NA,NA,NA,NA,NA,NA,NA,NA,NA,NA,NA,NA,NA,NA
"000350",77.6,76.6,75.8,75.2,75.2,74.9,74.4,74.2,74.7,74.1,73.9,73.3,73.6,73.2,73.6,NA,NA,NA,NA,NA,NA,NA,NA,NA,NA,NA,NA,NA,NA,NA,NA,NA,NA,NA,NA,NA,NA,NA,NA,NA,NA,NA,NA,NA,NA,NA,NA,NA,NA,NA,NA,NA
"000351",67.9,67.2,67,65.7,66,66.1,65.1,64.8,64.9,64.9,64.9,64.6,64.5,64.5,64.1,NA,NA,NA,NA,NA,NA,NA,NA,NA,NA,NA,NA,NA,NA,NA,NA,NA,NA,NA,NA,NA,NA,NA,NA,NA,NA,NA,NA,NA,NA,NA,NA,NA,NA,NA,NA,NA
"000352",64.1,63.5,63,62.6,62.4,61.7,61.3,60.9,61.3,60.3,60.8,60.4,60.5,60.4,59.8,NA,NA,NA,NA,NA,NA,NA,NA,NA,NA,NA,NA,NA,NA,NA,NA,NA,NA,NA,NA,NA,NA,NA,NA,NA,NA,NA,NA,NA,NA,NA,NA,NA,NA,NA,NA,NA
"000353",75.2,74,74,73.6,73,73,72.5,71.7,72.1,71.9,71.3,71.5,71.6,71.4,71,NA,NA,NA,NA,NA,NA,NA,NA,NA,NA,NA,NA,NA,NA,NA,NA,NA,NA,NA,NA,NA,NA,NA,NA,NA,NA,NA,NA,NA,NA,NA,NA,NA,NA,NA,NA,NA
"000354",88.9,88.4,87.4,87.3,87.3,86,86.1,86.4,85.9,86.3,85.8,85.4,85.2,85.4,NA,NA,NA,NA,NA,NA,NA,NA,NA,NA,NA,NA,NA,NA,NA,NA,NA,NA,NA,NA,NA,NA,NA,NA,NA,NA,NA,NA,NA,NA,NA,NA,NA,NA,NA,NA,NA,NA
"000355",95.2,93.6,93.6,93.2,92.6,92.3,91.9,92.2,91.4,91.7,91.6,91,91,91.2,NA,NA,NA,NA,NA,NA,NA,NA,NA,NA,NA,NA,NA,NA,NA,NA,NA,NA,NA,NA,NA,NA,NA,NA,NA,NA,NA,NA,NA,NA,NA,NA,NA,NA,NA,NA,NA,NA
"000356",63.8,62.9,62.7,62.3,61.6,60.9,61.2,60.9,61,60.5,60.4,60,59.9,NA,NA,NA,NA,NA,NA,NA,NA,NA,NA,NA,NA,NA,NA,NA,NA,NA,NA,NA,NA,NA,NA,NA,NA,NA,NA,NA,NA,NA,NA,NA,NA,NA,NA,NA,NA,NA,NA,NA
"000357",98.3,97.7,97.1,96.5,96.4,95.8,95.2,95.4,95,94.9,94.8,94.4,94.5,NA,NA,NA,NA,NA,NA,NA,NA,NA,NA,NA,NA,NA,NA,NA,NA,NA,NA,NA,NA,NA,NA,NA,NA,NA,NA,NA,NA,NA,NA,NA,NA,NA,NA,NA,NA,NA,NA,NA
"000358",86.9,86.3,85.5,85.3,84.7,84.1,84.1,84.1,83.8,83.3,83.5,83.4,82.9,NA,NA,NA,NA,NA,NA,NA,NA,NA,NA,NA,NA,NA,NA,NA,NA,NA,NA,NA,NA,NA,NA,NA,NA,NA,NA,NA,NA,NA,NA,NA,NA,NA,NA,NA,NA,NA,NA,NA
"000359",74.2,73.5,72.6,72.6,72,72,71.9,71.5,71.3,71.1,70.7,70.3,70.4,NA,NA,NA,NA,NA,NA,NA,NA,NA,NA,NA,NA,NA,NA,NA,NA,NA,NA,NA,NA,NA,NA,NA,NA,NA,NA,NA,NA,NA,NA,NA,NA,NA,NA,NA,NA,NA,NA,NA
"000360",74,72.8,71.8,71.8,71.2,70.9,70.5,70.1,69.8,69.9,69.6,69.5,NA,NA,NA,NA,NA,NA,NA,NA,NA,NA,NA,NA,NA,NA,NA,NA,NA,NA,NA,NA,NA,NA,NA,NA,NA,NA,NA,NA,NA,NA,NA,NA,NA,NA,NA,NA,NA,NA,NA,NA
"000361",64.5,63.3,63.2,62.4,62.1,62,61.3,61.4,61.3,60.9,60.7,60.7,NA,NA,NA,NA,NA,NA,NA,NA,NA,NA,NA,NA,NA,NA,NA,NA,NA,NA,NA,NA,NA,NA,NA,NA,NA,NA,NA,NA,NA,NA,NA,NA,NA,NA,NA,NA,NA,NA,NA,NA
"000362",68.7,68.2,67.7,66.9,66.6,66.6,66,66.2,66.3,66.1,65.3,NA,NA,NA,NA,NA,NA,NA,NA,NA,NA,NA,NA,NA,NA,NA,NA,NA,NA,NA,NA,NA,NA,NA,NA,NA,NA,NA,NA,NA,NA,NA,NA,NA,NA,NA,NA,NA,NA,NA,NA,NA
"000363",70.2,69.3,69.4,68.3,67.8,67.5,67.5,67.3,67.2,66.9,67,NA,NA,NA,NA,NA,NA,NA,NA,NA,NA,NA,NA,NA,NA,NA,NA,NA,NA,NA,NA,NA,NA,NA,NA,NA,NA,NA,NA,NA,NA,NA,NA,NA,NA,NA,NA,NA,NA,NA,NA,NA
"000364",70,68.7,68.2,68.1,67.2,66.6,66.1,66.2,65.7,65.6,NA,NA,NA,NA,NA,NA,NA,NA,NA,NA,NA,NA,NA,NA,NA,NA,NA,NA,NA,NA,NA,NA,NA,NA,NA,NA,NA,NA,NA,NA,NA,NA,NA,NA,NA,NA,NA,NA,NA,NA,NA,NA
"000365",73,72.1,71.7,71.4,70.9,70.5,70.9,70.3,70,70.1,NA,NA,NA,NA,NA,NA,NA,NA,NA,NA,NA,NA,NA,NA,NA,NA,NA,NA,NA,NA,NA,NA,NA,NA,NA,NA,NA,NA,NA,NA,NA,NA,NA,NA,NA,NA,NA,NA,NA,NA,NA,NA
"000366",60.3,59.2,58.5,58.6,57.7,57.6,57.5,56.7,56.8,56.1,NA,NA,NA,NA,NA,NA,NA,NA,NA,NA,NA,NA,NA,NA,NA,NA,NA,NA,NA,NA,NA,NA,NA,NA,NA,NA,NA,NA,NA,NA,NA,NA,NA,NA,NA,NA,NA,NA,NA,NA,NA,NA
"000367",71.7,71.1,70.4,69.9,69.9,69.4,68.9,69.3,68.4,68.5,NA,NA,NA,NA,NA,NA,NA,NA,NA,NA,NA,NA,NA,NA,NA,NA,NA,NA,NA,NA,NA,NA,NA,NA,NA,NA,NA,NA,NA,NA,NA,NA,NA,NA,NA,NA,NA,NA,NA,NA,NA,NA
"000368",76.9,75.9,75.2,74.9,74.3,74.1,73.7,73.7,73.8,73.3,NA,NA,NA,NA,NA,NA,NA,NA,NA,NA,NA,NA,NA,NA,NA,NA,NA,NA,NA,NA,NA,NA,NA,NA,NA,NA,NA,NA,NA,NA,NA,NA,NA,NA,NA,NA,NA,NA,NA,NA,NA,NA
"000369",56.9,56.1,55.6,54.8,54.8,54.2,54.3,53.4,53,53,NA,NA,NA,NA,NA,NA,NA,NA,NA,NA,NA,NA,NA,NA,NA,NA,NA,NA,NA,NA,NA,NA,NA,NA,NA,NA,NA,NA,NA,NA,NA,NA,NA,NA,NA,NA,NA,NA,NA,NA,NA,NA
"000370",83.8,82.7,82.2,81.7,81.6,81.4,80.9,81.2,80.7,80.7,NA,NA,NA,NA,NA,NA,NA,NA,NA,NA,NA,NA,NA,NA,NA,NA,NA,NA,NA,NA,NA,NA,NA,NA,NA,NA,NA,NA,NA,NA,NA,NA,NA,NA,NA,NA,NA,NA,NA,NA,NA,NA
"000371",74.9,74.1,73.5,72.9,72.6,72.1,71.6,72.3,72.1,NA,NA,NA,NA,NA,NA,NA,NA,NA,NA,NA,NA,NA,NA,NA,NA,NA,NA,NA,NA,NA,NA,NA,NA,NA,NA,NA,NA,NA,NA,NA,NA,NA,NA,NA,NA,NA,NA,NA,NA,NA,NA,NA
"000372",84.1,83.1,82.4,82.3,81.8,81.7,81.1,81,80.9,NA,NA,NA,NA,NA,NA,NA,NA,NA,NA,NA,NA,NA,NA,NA,NA,NA,NA,NA,NA,NA,NA,NA,NA,NA,NA,NA,NA,NA,NA,NA,NA,NA,NA,NA,NA,NA,NA,NA,NA,NA,NA,NA
"000373",82.5,82.1,80.7,80.4,80.1,80.2,79.8,79.5,79.4,NA,NA,NA,NA,NA,NA,NA,NA,NA,NA,NA,NA,NA,NA,NA,NA,NA,NA,NA,NA,NA,NA,NA,NA,NA,NA,NA,NA,NA,NA,NA,NA,NA,NA,NA,NA,NA,NA,NA,NA,NA,NA,NA
"000374",72.3,71.1,70.2,70.1,69.4,69.6,69.6,68.8,68.4,NA,NA,NA,NA,NA,NA,NA,NA,NA,NA,NA,NA,NA,NA,NA,NA,NA,NA,NA,NA,NA,NA,NA,NA,NA,NA,NA,NA,NA,NA,NA,NA,NA,NA,NA,NA,NA,NA,NA,NA,NA,NA,NA
"000375",52.7,51.5,51.3,50.4,50.5,49.6,49.8,49.4,NA,NA,NA,NA,NA,NA,NA,NA,NA,NA,NA,NA,NA,NA,NA,NA,NA,NA,NA,NA,NA,NA,NA,NA,NA,NA,NA,NA,NA,NA,NA,NA,NA,NA,NA,NA,NA,NA,NA,NA,NA,NA,NA,NA
"000376",84.6,84,83,83.1,82.5,81.8,81.6,81.1,NA,NA,NA,NA,NA,NA,NA,NA,NA,NA,NA,NA,NA,NA,NA,NA,NA,NA,NA,NA,NA,NA,NA,NA,NA,NA,NA,NA,NA,NA,NA,NA,NA,NA,NA,NA,NA,NA,NA,NA,NA,NA,NA,NA
"000377",79.9,79,79.2,78.5,78.3,77.5,77.4,77.6,NA,NA,NA,NA,NA,NA,NA,NA,NA,NA,NA,NA,NA,NA,NA,NA,NA,NA,NA,NA,NA,NA,NA,NA,NA,NA,NA,NA,NA,NA,NA,NA,NA,NA,NA,NA,NA,NA,NA,NA,NA,NA,NA,NA
"000378",70.9,69.9,69.3,69.7,68.8,69,68.7,68.4,NA,NA,NA,NA,NA,NA,NA,NA,NA,NA,NA,NA,NA,NA,NA,NA,NA,NA,NA,NA,NA,NA,NA,NA,NA,NA,NA,NA,NA,NA,NA,NA,NA,NA,NA,NA,NA,NA,NA,NA,NA,NA,NA,NA
"000379",79.1,77.8,77.2,76.6,75.7,75.3,75.1,NA,NA,NA,NA,NA,NA,NA,NA,NA,NA,NA,NA,NA,NA,NA,NA,NA,NA,NA,NA,NA,NA,NA,NA,NA,NA,NA,NA,NA,NA,NA,NA,NA,NA,NA,NA,NA,NA,NA,NA,NA,NA,NA,NA,NA
"000380",70.5,69.6,69.3,68.3,68.4,68.2,68.1,NA,NA,NA,NA,NA,NA,NA,NA,NA,NA,NA,NA,NA,NA,NA,NA,NA,NA,NA,NA,NA,NA,NA,NA,NA,NA,NA,NA,NA,NA,NA,NA,NA,NA,NA,NA,NA,NA,NA,NA,NA,NA,NA,NA,NA
"000381",84.2,83.7,83,82.9,82,82.4,81.4,NA,NA,NA,NA,NA,NA,NA,NA,NA,NA,NA,NA,NA,NA,NA,NA,NA,NA,NA,NA,NA,NA,NA,NA,NA,NA,NA,NA,NA,NA,NA,NA,NA,NA,NA,NA,NA,NA,NA,NA,NA,NA,NA,NA,NA
"000382",71.3,70.2,69.7,69.4,68.7,68.9,68,NA,NA,NA,NA,NA,NA,NA,NA,NA,NA,NA,NA,NA,NA,NA,NA,NA,NA,NA,NA,NA,NA,NA,NA,NA,NA,NA,NA,NA,NA,NA,NA,NA,NA,NA,NA,NA,NA,NA,NA,NA,NA,NA,NA,NA
"000383",67.1,65.4,65.9,64.8,65,64.9,64.1,NA,NA,NA,NA,NA,NA,NA,NA,NA,NA,NA,NA,NA,NA,NA,NA,NA,NA,NA,NA,NA,NA,NA,NA,NA,NA,NA,NA,NA,NA,NA,NA,NA,NA,NA,NA,NA,NA,NA,NA,NA,NA,NA,NA,NA
"000384",87.1,86.2,85.5,85,85.4,84.7,84.4,NA,NA,NA,NA,NA,NA,NA,NA,NA,NA,NA,NA,NA,NA,NA,NA,NA,NA,NA,NA,NA,NA,NA,NA,NA,NA,NA,NA,NA,NA,NA,NA,NA,NA,NA,NA,NA,NA,NA,NA,NA,NA,NA,NA,NA
"000385",83.2,82.1,81.8,81.3,80.6,80.1,80.5,NA,NA,NA,NA,NA,NA,NA,NA,NA,NA,NA,NA,NA,NA,NA,NA,NA,NA,NA,NA,NA,NA,NA,NA,NA,NA,NA,NA,NA,NA,NA,NA,NA,NA,NA,NA,NA,NA,NA,NA,NA,NA,NA,NA,NA
"000386",71.4,71,70.3,69.5,69.3,68.5,68.3,NA,NA,NA,NA,NA,NA,NA,NA,NA,NA,NA,NA,NA,NA,NA,NA,NA,NA,NA,NA,NA,NA,NA,NA,NA,NA,NA,NA,NA,NA,NA,NA,NA,NA,NA,NA,NA,NA,NA,NA,NA,NA,NA,NA,NA
"000387",98.3,97.4,97.1,96.7,96.2,95.7,NA,NA,NA,NA,NA,NA,NA,NA,NA,NA,NA,NA,NA,NA,NA,NA,NA,NA,NA,NA,NA,NA,NA,NA,NA,NA,NA,NA,NA,NA,NA,NA,NA,NA,NA,NA,NA,NA,NA,NA,NA,NA,NA,NA,NA,NA
"000388",80,79.3,78.8,78.3,77.7,77.9,NA,NA,NA,NA,NA,NA,NA,NA,NA,NA,NA,NA,NA,NA,NA,NA,NA,NA,NA,NA,NA,NA,NA,NA,NA,NA,NA,NA,NA,NA,NA,NA,NA,NA,NA,NA,NA,NA,NA,NA,NA,NA,NA,NA,NA,NA
"000389",72.1,70.7,69.7,69.7,69.1,69.2,NA,NA,NA,NA,NA,NA,NA,NA,NA,NA,NA,NA,NA,NA,NA,NA,NA,NA,NA,NA,NA,NA,NA,NA,NA,NA,NA,NA,NA,NA,NA,NA,NA,NA,NA,NA,NA,NA,NA,NA,NA,NA,NA,NA,NA,NA
"000390",82.4,81.2,80.8,80.5,80.2,79.7,NA,NA,NA,NA,NA,NA,NA,NA,NA,NA,NA,NA,NA,NA,NA,NA,NA,NA,NA,NA,NA,NA,NA,NA,NA,NA,NA,NA,NA,NA,NA,NA,NA,NA,NA,NA,NA,NA,NA,NA,NA,NA,NA,NA,NA,NA
"000391",75.7,75.2,74.6,74.1,73.8,NA,NA,NA,NA,NA,NA,NA,NA,NA,NA,NA,NA,NA,NA,NA,NA,NA,NA,NA,NA,NA,NA,NA,NA,NA,NA,NA,NA,NA,NA,NA,NA,NA,NA,NA,NA,NA,NA,NA,NA,NA,NA,NA,NA,NA,NA,NA
"000392",80.2,79.3,78.5,78.1,78.1,NA,NA,NA,NA,NA,NA,NA,NA,NA,NA,NA,NA,NA,NA,NA,NA,NA,NA,NA,NA,NA,NA,NA,NA,NA,NA,NA,NA,NA,NA,NA,NA,NA,NA,NA,NA,NA,NA,NA,NA,NA,NA,NA,NA,NA,NA,NA
"000393",70.6,69.4,69.3,68.4,68.5,NA,NA,NA,NA,NA,NA,NA,NA,NA,NA,NA,NA,NA,NA,NA,NA,NA,NA,NA,NA,NA,NA,NA,NA,NA,NA,NA,NA,NA,NA,NA,NA,NA,NA,NA,NA,NA,NA,NA,NA,NA,NA,NA,NA,NA,NA,NA
"000394",54.8,54.1,53.4,52.7,52.7,NA,NA,NA,NA,NA,NA,NA,NA,NA,NA,NA,NA,NA,NA,NA,NA,NA,NA,NA,NA,NA,NA,NA,NA,NA,NA,NA,NA,NA,NA,NA,NA,NA,NA,NA,NA,NA,NA,NA,NA,NA,NA,NA,NA,NA,NA,NA
"000395",75.8,75.1,74.4,74.1,73.5,NA,NA,NA,NA,NA,NA,NA,NA,NA,NA,NA,NA,NA,NA,NA,NA,NA,NA,NA,NA,NA,NA,NA,NA,NA,NA,NA,NA,NA,NA,NA,NA,NA,NA,NA,NA,NA,NA,NA,NA,NA,NA,NA,NA,NA,NA,NA
"000396",73.6,73.1,72.8,71.8,NA,NA,NA,NA,NA,NA,NA,NA,NA,NA,NA,NA,NA,NA,NA,NA,NA,NA,NA,NA,NA,NA,NA,NA,NA,NA,NA,NA,NA,NA,NA,NA,NA,NA,NA,NA,NA,NA,NA,NA,NA,NA,NA,NA,NA,NA,NA,NA
"000397",89.7,88.8,87.8,NA,NA,NA,NA,NA,NA,NA,NA,NA,NA,NA,NA,NA,NA,NA,NA,NA,NA,NA,NA,NA,NA,NA,NA,NA,NA,NA,NA,NA,NA,NA,NA,NA,NA,NA,NA,NA,NA,NA,NA,NA,NA,NA,NA,NA,NA,NA,NA,NA
"000398",94.3,93.7,93,NA,NA,NA,NA,NA,NA,NA,NA,NA,NA,NA,NA,NA,NA,NA,NA,NA,NA,NA,NA,NA,NA,NA,NA,NA,NA,NA,NA,NA,NA,NA,NA,NA,NA,NA,NA,NA,NA,NA,NA,NA,NA,NA,NA,NA,NA,NA,NA,NA
"000399",85.6,84.5,NA,NA,NA,NA,NA,NA,NA,NA,NA,NA,NA,NA,NA,NA,NA,NA,NA,NA,NA,NA,NA,NA,NA,NA,NA,NA,NA,NA,NA,NA,NA,NA,NA,NA,NA,NA,NA,NA,NA,NA,NA,NA,NA,NA,NA,NA,NA,NA,NA,NA
"000400",63.2,62.7,NA,NA,NA,NA,NA,NA,NA,NA,NA,NA,NA,NA,NA,NA,NA,NA,NA,NA,NA,NA,NA,NA,NA,NA,NA,NA,NA,NA,NA,NA,NA,NA,NA,NA,NA,NA,NA,NA,NA,NA,NA,NA,NA,NA,NA,NA,NA,NA,NA,NA
"000401",79.4,78,NA,NA,NA,NA,NA,NA,NA,NA,NA,NA,NA,NA,NA,NA,NA,NA,NA,NA,NA,NA,NA,NA,NA,NA,NA,NA,NA,NA,NA,NA,NA,NA,NA,NA,NA,NA,NA,NA,NA,NA,NA,NA,NA,NA,NA,NA,NA,NA,NA,NA
"000402",79.7,79.1,NA,NA,NA,NA,NA,NA,NA,NA,NA,NA,NA,NA,NA,NA,NA,NA,NA,NA,NA,NA,NA,NA,NA,NA,NA,NA,NA,NA,NA,NA,NA,NA,NA,NA,NA,NA,NA,NA,NA,NA,NA,NA,NA,NA,NA,NA,NA,NA,NA,NA
"000403",64,62.7,NA,NA,NA,NA,NA,NA,NA,NA,NA,NA,NA,NA,NA,NA,NA,NA,NA,NA,NA,NA,NA,NA,NA,NA,NA,NA,NA,NA,NA,NA,NA,NA,NA,NA,NA,NA,NA,NA,NA,NA,NA,NA,NA,NA,NA,NA,NA,NA,NA,NA
"000404",62.4,61.4,NA,NA,NA,NA,NA,NA,NA,NA,NA,NA,NA,NA,NA,NA,NA,NA,NA,NA,NA,NA,NA,NA,NA,NA,NA,NA,NA,NA,NA,NA,NA,NA,NA,NA,NA,NA,NA,NA,NA,NA,NA,NA,NA,NA,NA,NA,NA,NA,NA,NA
"000405",71.8,70.8,NA,NA,NA,NA,NA,NA,NA,NA,NA,NA,NA,NA,NA,NA,NA,NA,NA,NA,NA,NA,NA,NA,NA,NA,NA,NA,NA,NA,NA,NA,NA,NA,NA,NA,NA,NA,NA,NA,NA,NA,NA,NA,NA,NA,NA,NA,NA,NA,NA,NA
"000406",60.4,NA,NA,NA,NA,NA,NA,NA,NA,NA,NA,NA,NA,NA,NA,NA,NA,NA,NA,NA,NA,NA,NA,NA,NA,NA,NA,NA,NA,NA,NA,NA,NA,NA,NA,NA,NA,NA,NA,NA,NA,NA,NA,NA,NA,NA,NA,NA,NA,NA,NA,NA
"000407",68.4,NA,NA,NA,NA,NA,NA,NA,NA,NA,NA,NA,NA,NA,NA,NA,NA,NA,NA,NA,NA,NA,NA,NA,NA,NA,NA,NA,NA,NA,NA,NA,NA,NA,NA,NA,NA,NA,NA,NA,NA,NA,NA,NA,NA,NA,NA,NA,NA,NA,NA,NA
"000408",82,NA,NA,NA,NA,NA,NA,NA,NA,NA,NA,NA,NA,NA,NA,NA,NA,NA,NA,NA,NA,NA,NA,NA,NA,NA,NA,NA,NA,NA,NA,NA,NA,NA,NA,NA,NA,NA,NA,NA,NA,NA,NA,NA,NA,NA,NA,NA,NA,NA,NA,NA
"000409",68.1,NA,NA,NA,NA,NA,NA,NA,NA,NA,NA,NA,NA,NA,NA,NA,NA,NA,NA,NA,NA,NA,NA,NA,NA,NA,NA,NA,NA,NA,NA,NA,NA,NA,NA,NA,NA,NA,NA,NA,NA,NA,NA,NA,NA,NA,NA,NA,NA,NA,NA,NA
"000410",79.5,NA,NA,NA,NA,NA,NA,NA,NA,NA,NA,NA,NA,NA,NA,NA,NA,NA,NA,NA,NA,NA,NA,NA,NA,NA,NA,NA,NA,NA,NA,NA,NA,NA,NA,NA,NA,NA,NA,NA,NA,NA,NA,NA,NA,NA,NA,NA,NA,NA,NA,NA
"000411",62.8,NA,NA,NA,NA,NA,NA,NA,NA,NA,NA,NA,NA,NA,NA,NA,NA,NA,NA,NA,NA,NA,NA,NA,NA,NA,NA,NA,NA,NA,NA,NA,NA,NA,NA,NA,NA,NA,NA,NA,NA,NA,NA,NA,NA,NA,NA,NA,NA,NA,NA,NA
"000412",87.2,NA,NA,NA,NA,NA,NA,NA,NA,NA,NA,NA,NA,NA,NA,NA,NA,NA,NA,NA,NA,NA,NA,NA,NA,NA,NA,NA,NA,NA,NA,NA,NA,NA,NA,NA,NA,NA,NA,NA,NA,NA,NA,NA,NA,NA,NA,NA,NA,NA,NA,NA
"000413",72.9,NA,NA,NA,NA,NA,NA,NA,NA,NA,NA,NA,NA,NA,NA,NA,NA,NA,NA,NA,NA,NA,NA,NA,NA,NA,NA,NA,NA,NA,NA,NA,NA,NA,NA,NA,NA,NA,NA,NA,NA,NA,NA,NA,NA,NA,NA,NA,NA,NA,NA,NA
"000414",NA,NA,NA,NA,NA,NA,NA,NA,NA,NA,NA,NA,NA,NA,NA,NA,NA,NA,NA,NA,NA,NA,NA,NA,NA,NA,NA,NA,NA,NA,NA,NA,NA,NA,NA,NA,NA,NA,NA,NA,NA,NA,NA,NA,NA,NA,NA,NA,NA,NA,NA,NA
"000415",NA,NA,NA,NA,NA,NA,NA,NA,NA,NA,NA,NA,NA,NA,NA,NA,NA,NA,NA,NA,NA,NA,NA,NA,NA,NA,NA,NA,NA,NA,NA,NA,NA,NA,NA,NA,NA,NA,NA,NA,NA,NA,NA,NA,NA,NA,NA,NA,NA,NA,NA,NA
"000416",NA,NA,NA,NA,NA,NA,NA,NA,NA,NA,NA,NA,NA,NA,NA,NA,NA,NA,NA,NA,NA,NA,NA,NA,NA,NA,NA,NA,NA,NA,NA,NA,NA,NA,NA,NA,NA,NA,NA,NA,NA,NA,NA,NA,NA,NA,NA,NA,NA,NA,NA,NA
"000417",NA,NA,NA,NA,NA,NA,NA,NA,NA,NA,NA,NA,NA,NA,NA,NA,NA,NA,NA,NA,NA,NA,NA,NA,NA,NA,NA,NA,NA,NA,NA,NA,NA,NA,NA,NA,NA,NA,NA,NA,NA,NA,NA,NA,NA,NA,NA,NA,NA,NA,NA,NA
"000418",NA,NA,NA,NA,NA,NA,NA,NA,NA,NA,NA,NA,NA,NA,NA,NA,NA,NA,NA,NA,NA,NA,NA,NA,NA,NA,NA,NA,NA,NA,NA,NA,NA,NA,NA,NA,NA,NA,NA,NA,NA,NA,NA,NA,NA,NA,NA,NA,NA,NA,NA,NA
