date,price
05.01.15,8938.849609
06.01.15,8874.469727
07.01.15,8900.830078
08.01.15,9139.69043
09.01.15,9105.700195
12.01.15,9152.969727
13.01.15,9285.629883
14.01.15,9198.200195
15.01.15,8400.610352
16.01.15,7899.589844
19.01.15,8152.779785
20.01.15,8178.899902
21.01.15,8008.549805
22.01.15,7999.47998
23.01.15,8161.160156
26.01.15,8296.450195
27.01.15,8402.820313
28.01.15,8311.549805
29.01.15,8435.339844
30.01.15,8385.129883
02.02.15,8429.200195
03.02.15,8452.129883
04.02.15,8608.240234
05.02.15,8544.320313
06.02.15,8587.990234
09.02.15,8632.139648
10.02.15,8620.419922
11.02.15,8577.759766
12.02.15,8611.030273
13.02.15,8651.980469
16.02.15,8712.69043
17.02.15,8747.830078
18.02.15,8800.709961
19.02.15,8900.179688
20.02.15,8892.169922
23.02.15,8977.69043
24.02.15,8984.610352
25.02.15,8977.620117
26.02.15,9049.490234
27.02.15,9014.530273
02.03.15,9055.69043
03.03.15,8954.679688
04.03.15,8992.5
05.03.15,9034.599609
06.03.15,9080.030273
09.03.15,9046.879883
10.03.15,9023.709961
11.03.15,9106.230469
12.03.15,9119.80957
13.03.15,9156.019531
16.03.15,9237.080078
17.03.15,9198.509766
18.03.15,9256.240234
19.03.15,9328.480469
20.03.15,9396.290039
23.03.15,9366.200195
24.03.15,9292.679688
25.03.15,9188.25
26.03.15,9082.509766
27.03.15,9083.519531
30.03.15,9202.179688
31.03.15,9128.980469
01.04.15,9137.259766
02.04.15,9130.599609
07.04.15,9260.75
08.04.15,9247.820313
09.04.15,9393.379883
10.04.15,9471.459961
13.04.15,9430.25
14.04.15,9415.620117
15.04.15,9428.549805
16.04.15,9398.599609
17.04.15,9245.919922
20.04.15,9243.709961
21.04.15,9299.429688
22.04.15,9358.089844
23.04.15,9338.25
24.04.15,9302.120117
27.04.15,9349.179688
28.04.15,9259.80957
29.04.15,9105.049805
30.04.15,9077.120117
04.05.15,9095.820313
05.05.15,9024.379883
06.05.15,8888.919922
07.05.15,8873.549805
08.05.15,9093.330078
11.05.15,9117.330078
12.05.15,9044.980469
13.05.15,9050.660156
15.05.15,9109.919922
18.05.15,9196.549805
19.05.15,9295.620117
20.05.15,9319.900391
21.05.15,9365.349609
22.05.15,9353.299805
26.05.15,9272.679688
27.05.15,9396.240234
28.05.15,9394.25
29.05.15,9237.790039
01.06.15,9267.44043
02.06.15,9204.089844
03.06.15,9253.299805
04.06.15,9233.650391
05.06.15,9105.019531
08.06.15,9060.490234
09.06.15,8980.219727
10.06.15,9102.700195
11.06.15,9146.299805
12.06.15,9026.429688
15.06.15,8924.669922
16.06.15,8965.400391
17.06.15,8906.69043
18.06.15,8880.290039
19.06.15,8867.320313
22.06.15,9021.370117
23.06.15,9137.330078
24.06.15,9081.80957
25.06.15,9045.320313
26.06.15,9007.5
29.06.15,8868.389648
30.06.15,8780.910156
01.07.15,8908.990234
02.07.15,8961.480469
03.07.15,8912.839844
06.07.15,8862.780273
07.07.15,8764.110352
08.07.15,8852.429688
09.07.15,8985.080078
10.07.15,9134.179688
13.07.15,9250.099609
14.07.15,9311.070313
15.07.15,9319.25
16.07.15,9458.959961
17.07.15,9446.169922
20.07.15,9482.620117
21.07.15,9385.450195
22.07.15,9289.259766
23.07.15,9381.570313
24.07.15,9322.969727
27.07.15,9194.480469
28.07.15,9275.719727
29.07.15,9387.969727
30.07.15,9397.69043
31.07.15,9428.169922
03.08.15,9468.969727
04.08.15,9480.200195
05.08.15,9526.790039
06.08.15,9457.990234
07.08.15,9408.269531
10.08.15,9510.780273
11.08.15,9424.410156
12.08.15,9183.879883
13.08.15,9325.209961
14.08.15,9346.55957
17.08.15,9390.459961
18.08.15,9383.599609
19.08.15,9251.599609
20.08.15,9104.709961
21.08.15,8798.570313
24.08.15,8468.889648
25.08.15,8758.790039
26.08.15,8548.75
27.08.15,8812.580078
28.08.15,8785.099609
31.08.15,8824.55957
01.09.15,8621.269531
02.09.15,8626.339844
03.09.15,8775.639648
04.09.15,8652.349609
07.09.15,8705.530273
08.09.15,8760.950195
09.09.15,8871.919922
10.09.15,8778.759766
11.09.15,8772.44043
14.09.15,8686.169922
15.09.15,8790.44043
16.09.15,8871.169922
17.09.15,8849.429688
18.09.15,8739.219727
21.09.15,8782.269531
22.09.15,8475.469727
23.09.15,8447.679688
24.09.15,8278.070313
25.09.15,8505.94043
28.09.15,8381.219727
29.09.15,8323.480469
30.09.15,8513.410156
01.10.15,8510.55957
02.10.15,8515.519531
05.10.15,8740.830078
06.10.15,8761.679688
07.10.15,8639.030273
08.10.15,8674.169922
09.10.15,8680.209961
12.10.15,8706.110352
13.10.15,8654.639648
14.10.15,8573.30957
15.10.15,8653.349609
16.10.15,8715.730469
19.10.15,8705.660156
20.10.15,8650.019531
21.10.15,8602.120117
22.10.15,8788.919922
23.10.15,8910.519531
26.10.15,8907.860352
27.10.15,8849.919922
28.10.15,8932.639648
29.10.15,8957.269531
30.10.15,8938.650391
02.11.15,8936.080078
03.11.15,8935.5
04.11.15,8951.759766
05.11.15,8990.160156
06.11.15,8970.269531
09.11.15,8876.669922
10.11.15,8849.769531
11.11.15,8884.549805
12.11.15,8816.94043
13.11.15,8749.839844
16.11.15,8727.089844
17.11.15,8952.580078
18.11.15,8990.959961
19.11.15,9008.650391
20.11.15,9015.830078
23.11.15,8924.410156
24.11.15,8808.530273
25.11.15,8934.480469
26.11.15,8968.25
27.11.15,9002.959961
30.11.15,8993.099609
01.12.15,8993.240234
02.12.15,9016.55957
03.12.15,8852.139648
04.12.15,8802.889648
07.12.15,8825.280273
08.12.15,8701.200195
09.12.15,8624.950195
10.12.15,8632.629883
11.12.15,8502.05957
14.12.15,8375.30957
15.12.15,8581.55957
16.12.15,8604.080078
17.12.15,8656.299805
18.12.15,8608.910156
21.12.15,8544.349609
22.12.15,8515.820313
23.12.15,8705.740234
28.12.15,8739.360352
29.12.15,8883.009766
30.12.15,8818.089844
04.01.16,8656.30957
05.01.16,8701.459961
06.01.16,8613.419922
07.01.16,8449.860352
08.01.16,8257.280273
11.01.16,8213.519531
12.01.16,8332.040039
13.01.16,8414.830078
14.01.16,8305.469727
15.01.16,8107.129883
18.01.16,8099.080078
19.01.16,8223.759766
20.01.16,7966.339844
21.01.16,8035.060059
22.01.16,8271.110352
25.01.16,8253.339844
26.01.16,8314.469727
27.01.16,8322.679688
28.01.16,8153.27002
29.01.16,8319.80957
01.02.16,8310.990234
02.02.16,8196.990234
03.02.16,8123.740234
04.02.16,8003.399902
05.02.16,7960.129883
08.02.16,7759.209961
09.02.16,7583.27002
10.02.16,7731.930176
11.02.16,7496.620117
12.02.16,7656.600098
15.02.16,7848.330078
16.02.16,7813.790039
17.02.16,7946.189941
18.02.16,7916.609863
19.02.16,7863.359863
22.02.16,7961.490234
23.02.16,7807.009766
24.02.16,7689.560059
25.02.16,7794.049805
26.02.16,7877.029785
29.02.16,7843.629883
01.03.16,7962.220215
02.03.16,8039.890137
03.03.16,7950.839844
04.03.16,7982.569824
07.03.16,8019.129883
08.03.16,7971.149902
09.03.16,7975.810059
10.03.16,7893.660156
11.03.16,7998.430176
14.03.16,8018.359863
15.03.16,7953.930176
16.03.16,7916.430176
17.03.16,7861.790039
18.03.16,7813.680176
21.03.16,7849.569824
22.03.16,7853.069824
23.03.16,7894.359863
24.03.16,7775.580078
29.03.16,7797.649902
30.03.16,7845.080078
31.03.16,7807.890137
01.04.16,7688.339844
04.04.16,7731.810059
05.04.16,7673.669922
06.04.16,7768.22998
07.04.16,7761.350098
08.04.16,7817.549805
11.04.16,7751.580078
12.04.16,7788.779785
13.04.16,7934.459961
14.04.16,8021
15.04.16,8014.600098
18.04.16,8044.600098
19.04.16,8152.759766
20.04.16,8186.970215
21.04.16,8159.669922
22.04.16,8109.439941
25.04.16,8079.890137
26.04.16,8077.180176
27.04.16,8096.759766
28.04.16,8099.419922
29.04.16,7960.850098
02.05.16,7977.77002
03.05.16,7850.680176
04.05.16,7752.970215
06.05.16,7735.600098
09.05.16,7824.950195
10.05.16,7934.930176
11.05.16,7937.879883
12.05.16,7885.850098
13.05.16,7925.759766
17.05.16,7906.759766
18.05.16,7973.930176
19.05.16,7908.790039
20.05.16,7997.299805
23.05.16,8038.459961
24.05.16,8125.240234
25.05.16,8167.609863
26.05.16,8229.549805
27.05.16,8292.450195
30.05.16,8277.830078
31.05.16,8216.419922
01.06.16,8185.529785
02.06.16,8205.820313
03.06.16,8148.399902
06.06.16,8165.97998
07.06.16,8215.780273
08.06.16,8143.759766
09.06.16,8076.350098
10.06.16,7922.709961
13.06.16,7782.350098
14.06.16,7638.77002
15.06.16,7679.490234
16.06.16,7634.660156
17.06.16,7713.609863
20.06.16,7900.220215
21.06.16,7935.75
22.06.16,7972.140137
23.06.16,8023.049805
24.06.16,7747.180176
27.06.16,7594.490234
28.06.16,7773.799805
29.06.16,7978.959961
30.06.16,8020.149902
01.07.16,8085.209961
04.07.16,8056.709961
05.07.16,7941.669922
06.07.16,7898.209961
07.07.16,7964.22998
08.07.16,8037.939941
11.07.16,8117.109863
12.07.16,8143.129883
13.07.16,8142.330078
14.07.16,8174.02002
15.07.16,8156.259766
18.07.16,8161.600098
19.07.16,8111.47998
20.07.16,8197.429688
21.07.16,8182.450195
22.07.16,8194.730469
25.07.16,8194.410156
26.07.16,8227.200195
27.07.16,8221.330078
28.07.16,8095.069824
29.07.16,8127.200195
02.08.16,8011.240234
03.08.16,8010.100098
04.08.16,8081.140137
05.08.16,8194.339844
08.08.16,8168.839844
09.08.16,8229.419922
10.08.16,8208.900391
11.08.16,8296.139648
12.08.16,8295.040039
15.08.16,8305.280273
16.08.16,8215.450195
17.08.16,8153.799805
18.08.16,8189.72998
19.08.16,8127.279785
22.08.16,8157.850098
23.08.16,8201.610352
24.08.16,8199.830078
25.08.16,8141.279785
26.08.16,8168.319824
29.08.16,8184.089844
30.08.16,8236.009766
31.08.16,8202.129883
01.09.16,8142.640137
02.09.16,8294.299805
05.09.16,8310.370117
06.09.16,8304.339844
07.09.16,8320.990234
08.09.16,8315.200195
09.09.16,8264.129883
12.09.16,8206.200195
13.09.16,8174.72998
14.09.16,8162.649902
15.09.16,8184.839844
16.09.16,8130.439941
19.09.16,8195.709961
20.09.16,8237.540039
21.09.16,8226.469727
22.09.16,8307.629883
23.09.16,8272.889648
26.09.16,8165.049805
27.09.16,8175.419922
28.09.16,8220.070313
29.09.16,8164.200195
30.09.16,8139.009766
03.10.16,8166.319824
04.10.16,8230.730469
05.10.16,8195.230469
06.10.16,8170.439941
07.10.16,8124.589844
10.10.16,8172.220215
11.10.16,8135.149902
12.10.16,8068.560059
13.10.16,7999.930176
14.10.16,8089.910156
17.10.16,8000.959961
18.10.16,8074.689941
19.10.16,8093.779785
20.10.16,8069.27002
21.10.16,8034.859863
24.10.16,7991.879883
25.10.16,7929.870117
26.10.16,7892.77002
27.10.16,7924.390137
28.10.16,7908.569824
31.10.16,7827.740234
01.11.16,7761.339844
02.11.16,7700.410156
03.11.16,7640.939941
04.11.16,7593.200195
07.11.16,7735.220215
08.11.16,7744.029785
09.11.16,7897.839844
10.11.16,7928.77002
11.11.16,7880.290039
14.11.16,7896.850098
15.11.16,7909.200195
16.11.16,7914.02002
17.11.16,7964.680176
18.11.16,7904.549805
21.11.16,7849.859863
22.11.16,7741.819824
23.11.16,7752.240234
24.11.16,7798.5
25.11.16,7881.529785
28.11.16,7823.22998
29.11.16,7845.009766
30.11.16,7875.189941
01.12.16,7779.109863
02.12.16,7784.009766
05.12.16,7845.680176
06.12.16,7912.390137
07.12.16,7930.25
08.12.16,7953.680176
09.12.16,8099.629883
12.12.16,8040.089844
13.12.16,8162.529785
14.12.16,8140.410156
15.12.16,8214.299805
16.12.16,8227.719727
19.12.16,8234.490234
20.12.16,8243
21.12.16,8233.450195
22.12.16,8237.980469
23.12.16,8232.639648
27.12.16,8259.450195
28.12.16,8256.610352
29.12.16,8251.129883
30.12.16,8219.870117
03.01.17,8316.179688
04.01.17,8354.80957
05.01.17,8392.490234
06.01.17,8417.459961
09.01.17,8424.860352
10.01.17,8449.19043
11.01.17,8427.150391
12.01.17,8375.019531
13.01.17,8452.19043
16.01.17,8362.599609
17.01.17,8304.099609
18.01.17,8312.419922
19.01.17,8273.080078
20.01.17,8275.129883
23.01.17,8229.009766
24.01.17,8246.660156
25.01.17,8387.549805
26.01.17,8405.480469
27.01.17,8379.570313
30.01.17,8320.830078
31.01.17,8291.69043
01.02.17,8329.169922
02.02.17,8276.700195
03.02.17,8350.839844
06.02.17,8330.929688
07.02.17,8370.139648
08.02.17,8378.730469
09.02.17,8437.540039
10.02.17,8456.219727
13.02.17,8462.879883
14.02.17,8426.150391
15.02.17,8486.269531
16.02.17,8467.519531
17.02.17,8506.490234
20.02.17,8514.519531
21.02.17,8567.179688
22.02.17,8585.849609
23.02.17,8569.360352
24.02.17,8525.620117
27.02.17,8520.55957
28.02.17,8545.80957
01.03.17,8634.700195
02.03.17,8661.629883
03.03.17,8670.05957
06.03.17,8664.799805
07.03.17,8623.969727
08.03.17,8626.650391
09.03.17,8639.700195
10.03.17,8669.969727
13.03.17,8683.049805
14.03.17,8663.540039
15.03.17,8688.860352
16.03.17,8667.480469
17.03.17,8698.530273
20.03.17,8695.040039
21.03.17,8614.860352
22.03.17,8567.879883
23.03.17,8628.639648
24.03.17,8613.639648
27.03.17,8594.540039
28.03.17,8597.019531
29.03.17,8661.530273
30.03.17,8704.389648
31.03.17,8658.889648
03.04.17,8633.860352
04.04.17,8646.990234
05.04.17,8640.509766
06.04.17,8638.370117
07.04.17,8640.910156
10.04.17,8616.679688
11.04.17,8641.549805
12.04.17,8663.769531
13.04.17,8629.019531
18.04.17,8529.280273
19.04.17,8532.269531
20.04.17,8557.870117
21.04.17,8553.990234
24.04.17,8711.320313
25.04.17,8775.240234
26.04.17,8830.290039
27.04.17,8844.780273
28.04.17,8812.669922
02.05.17,8868.55957
03.05.17,8891.889648
04.05.17,8980.019531
05.05.17,9016.660156
08.05.17,9039.610352
09.05.17,9113.830078
10.05.17,9089.799805
11.05.17,9064.879883
12.05.17,9123.410156
15.05.17,9108.25
16.05.17,9127.610352
17.05.17,9001.599609
18.05.17,8938.370117
19.05.17,9022.509766
22.05.17,9084.780273
23.05.17,9061.759766
24.05.17,9035.089844
26.05.17,9042.030273
29.05.17,9031.959961
30.05.17,9007.540039
31.05.17,9016.639648
01.06.17,9024.919922
02.06.17,9043.959961
06.06.17,8908.269531
07.06.17,8876.730469
08.06.17,8811.620117
09.06.17,8845.849609
12.06.17,8807.849609
13.06.17,8867.070313
14.06.17,8849.400391
15.06.17,8853.009766
16.06.17,8963.290039
19.06.17,9030.299805
20.06.17,9023.549805
21.06.17,8985.610352
22.06.17,9051.269531
23.06.17,9032.889648
26.06.17,9121.219727
27.06.17,9072.919922
28.06.17,9076.730469
29.06.17,8944.040039
30.06.17,8906.889648
03.07.17,9009.80957
04.07.17,8971.400391
05.07.17,8954.099609
06.07.17,8886.950195
07.07.17,8883.269531
10.07.17,8943.839844
11.07.17,8874.070313
12.07.17,9015.599609
13.07.17,9003.570313
14.07.17,9034.570313
17.07.17,9038.650391
18.07.17,8977.980469
19.07.17,9024.320313
20.07.17,9027.370117
21.07.17,8938.679688
24.07.17,8898.230469
25.07.17,8937.900391
26.07.17,8990.339844
27.07.17,9017.790039
28.07.17,9019.30957
31.07.17,9055
02.08.17,9122.679688
03.08.17,9136.610352
04.08.17,9176.990234
07.08.17,9155.129883
08.08.17,9162.330078
09.08.17,9027.150391
10.08.17,8949.860352
11.08.17,8884.040039
14.08.17,9031.269531
15.08.17,9012.519531
16.08.17,9037.919922
17.08.17,8945.400391
18.08.17,8874.349609
21.08.17,8883.780273
22.08.17,8963.830078
23.08.17,8958.490234
24.08.17,8943.040039
25.08.17,8906.179688
28.08.17,8864.230469
29.08.17,8814.540039
30.08.17,8851.259766
31.08.17,8925.450195
01.09.17,8941.620117
04.09.17,8864.459961
05.09.17,8869.55957
06.09.17,8859.469727
07.09.17,8906.660156
08.09.17,8912.049805
11.09.17,8982.230469
12.09.17,9053.620117
13.09.17,9053.830078
14.09.17,9071.429688
15.09.17,9028.049805
18.09.17,9048.110352
19.09.17,9093.200195
20.09.17,9095.650391
21.09.17,9134.129883
22.09.17,9136.719727
25.09.17,9140.469727
26.09.17,9113.650391
27.09.17,9098.580078
28.09.17,9112.160156
29.09.17,9157.459961
02.10.17,9242.150391
03.10.17,9283.740234
04.10.17,9283.969727
05.10.17,9262.660156
06.10.17,9252.120117
09.10.17,9259.339844
10.10.17,9267.169922
11.10.17,9265.339844
12.10.17,9297.339844
13.10.17,9311.69043
16.10.17,9274.589844
17.10.17,9269.860352
18.10.17,9309.610352
19.10.17,9233.519531
20.10.17,9237.129883
23.10.17,9248.490234
24.10.17,9194.839844
25.10.17,9084.040039
26.10.17,9200.080078
27.10.17,9183.419922
30.10.17,9175.5
31.10.17,9242.179688
01.11.17,9267.820313
02.11.17,9279.650391
03.11.17,9322.049805
06.11.17,9288.780273
07.11.17,9220.160156
08.11.17,9265.830078
09.11.17,9177.820313
10.11.17,9134.160156
13.11.17,9162.740234
14.11.17,9130.480469
15.11.17,9089.549805
16.11.17,9146.820313
17.11.17,9183.610352
20.11.17,9299.610352
21.11.17,9324.530273
22.11.17,9291.839844
23.11.17,9315.55957
24.11.17,9325.599609
27.11.17,9264.389648
28.11.17,9320.44043
29.11.17,9304.419922
30.11.17,9318.769531
01.12.17,9274.549805
04.12.17,9328.629883
05.12.17,9288.919922
06.12.17,9309.990234
07.12.17,9270.570313
08.12.17,9319.160156
11.12.17,9314.759766
12.12.17,9361.410156
13.12.17,9394.549805
14.12.17,9383.019531
15.12.17,9394.709961
18.12.17,9452.320313
19.12.17,9399.169922
20.12.17,9314.830078
21.12.17,9424.669922
22.12.17,9394.490234
27.12.17,9430.44043
28.12.17,9405.799805
29.12.17,9381.870117
03.01.18,9478.919922
04.01.18,9509.280273
05.01.18,9556.980469
08.01.18,9541.730469
09.01.18,9611.610352
10.01.18,9524.959961
11.01.18,9503.849609
12.01.18,9546.610352
15.01.18,9537.280273
16.01.18,9464.049805
17.01.18,9440.009766
18.01.18,9452.349609
19.01.18,9509.769531
22.01.18,9529.129883
23.01.18,9551.580078
24.01.18,9547.570313
25.01.18,9482.959961
26.01.18,9515.55957
29.01.18,9457.269531
30.01.18,9433.339844
31.01.18,9335.400391
01.02.18,9290.919922
02.02.18,9220.69043
05.02.18,9100.389648
06.02.18,8836.709961
07.02.18,8975.009766
08.02.18,8763.110352
09.02.18,8682
12.02.18,8822.179688
13.02.18,8818.280273
14.02.18,8899.099609
15.02.18,8917.799805
16.02.18,8986.719727
19.02.18,8908.650391
20.02.18,8981.389648
21.02.18,8988.990234
22.02.18,8967.429688
23.02.18,8948.19043
26.02.18,9026.110352
27.02.18,8992.519531
28.02.18,8906.379883
01.03.18,8792.379883
02.03.18,8628.509766
05.03.18,8808.379883
06.03.18,8765.879883
07.03.18,8784.839844
08.03.18,8896.419922
09.03.18,8931.849609
12.03.18,8970.740234
13.03.18,8880.919922
14.03.18,8869.330078
15.03.18,8878.980469
16.03.18,8882.530273
19.03.18,8811.330078
20.03.18,8847.290039
21.03.18,8783.700195
22.03.18,8637.870117
23.03.18,8569.080078
26.03.18,8509.290039
27.03.18,8638.419922
28.03.18,8756.120117
29.03.18,8740.969727
03.04.18,8630.929688
04.04.18,8553.69043
05.04.18,8742.599609
06.04.18,8671.040039
09.04.18,8687.080078
10.04.18,8755.570313
11.04.18,8708.44043
12.04.18,8774.759766
13.04.18,8776.169922
16.04.18,8726.540039
17.04.18,8820.040039
18.04.18,8831.879883
19.04.18,8833.179688
20.04.18,8807.799805
23.04.18,8806.629883
24.04.18,8796.910156
25.04.18,8740.959961
26.04.18,8835.030273
27.04.18,8843.019531
30.04.18,8886.259766
02.05.18,8896.280273
03.05.18,8842.290039
04.05.18,8903.830078
07.05.18,8978.650391
08.05.18,8944.900391
09.05.18,8984.099609
11.05.18,8993.509766
14.05.18,9000.889648
15.05.18,8994.219727
16.05.18,8973.879883
17.05.18,8988.330078
18.05.18,8940.459961
22.05.18,8936.070313
23.05.18,8794.94043
24.05.18,8770.94043
25.05.18,8759.080078
28.05.18,8775.450195
29.05.18,8637.200195
30.05.18,8578.679688
31.05.18,8456.950195
01.06.18,8618.540039
04.06.18,8634.419922
05.06.18,8538.30957
06.06.18,8544.990234
07.06.18,8548.330078
08.06.18,8512.05957
11.06.18,8623.540039
12.06.18,8640.799805
13.06.18,8634.610352
14.06.18,8690.830078
15.06.18,8642.599609
18.06.18,8519.570313
19.06.18,8463.410156
20.06.18,8557.509766
21.06.18,8459.929688
22.06.18,8616.55957
25.06.18,8458.700195
26.06.18,8477.980469
27.06.18,8504.5
28.06.18,8461.709961
29.06.18,8609.299805
02.07.18,8529.589844
03.07.18,8625.490234
04.07.18,8663.530273
05.07.18,8674.040039
06.07.18,8697.419922
09.07.18,8759.919922
10.07.18,8768.910156
11.07.18,8682.929688
12.07.18,8818.19043
13.07.18,8861.049805
16.07.18,8847.959961
17.07.18,8824.669922
18.07.18,8938.120117
19.07.18,8933.969727
20.07.18,8991.339844
23.07.18,8959.790039
24.07.18,9005.580078
25.07.18,9019.459961
26.07.18,9139.469727
27.07.18,9173.200195
30.07.18,9163.379883
31.07.18,9174.330078
02.08.18,9155.570313
03.08.18,9158
06.08.18,9149.360352
07.08.18,9201.219727
08.08.18,9176.150391
09.08.18,9145.679688
10.08.18,9031.330078
13.08.18,9005.349609
14.08.18,9010.19043
15.08.18,8926.230469
16.08.18,8997.719727
17.08.18,9003.910156
20.08.18,9059.530273
21.08.18,9082.860352
22.08.18,9048.200195
23.08.18,9049.719727
24.08.18,9052.900391
27.08.18,9098.700195
28.08.18,9084.259766
29.08.18,9083.839844
30.08.18,9042.05957
31.08.18,8973.55957
03.09.18,9003.469727
04.09.18,8951.889648
05.09.18,8868.860352
06.09.18,8818.719727
07.09.18,8843.110352
10.09.18,8930.240234
11.09.18,8914.94043
12.09.18,8960.129883
13.09.18,8960.080078
14.09.18,8970
17.09.18,8936.709961
18.09.18,8915.870117
19.09.18,8939.849609
20.09.18,9000.80957
21.09.18,8995.379883
24.09.18,8946.219727
25.09.18,9021.610352
26.09.18,9080.139648
27.09.18,9112.219727
28.09.18,9087.990234
01.10.18,9127.049805
02.10.18,9087.320313
03.10.18,9175.209961
04.10.18,9097.519531
05.10.18,9042.080078
08.10.18,8964.139648
09.10.18,8964.110352
10.10.18,8892.879883
11.10.18,8639.19043
12.10.18,8660.379883
15.10.18,8653.160156
16.10.18,8794.969727
17.10.18,8750.349609
18.10.18,8779.179688
19.10.18,8872.089844
22.10.18,8865.55957
23.10.18,8767.150391
24.10.18,8724.610352
25.10.18,8706.400391
26.10.18,8665.799805
29.10.18,8759.620117
30.10.18,8854.280273
31.10.18,9022.160156
01.11.18,9017.25
02.11.18,8992.299805
05.11.18,9008.580078
06.11.18,8992.070313
07.11.18,9050.530273
08.11.18,9094.900391
09.11.18,9074.030273
12.11.18,8984.049805
13.11.18,9015.429688
14.11.18,8931.200195
15.11.18,8870.030273
16.11.18,8907.389648
19.11.18,8812.610352
20.11.18,8769.450195
21.11.18,8841.480469
22.11.18,8781.290039
23.11.18,8845.900391
26.11.18,8931.370117
27.11.18,8898.009766
28.11.18,8894.580078
29.11.18,9015.589844
30.11.18,9037.759766
03.12.18,9106.55957
04.12.18,9085
05.12.18,8939.959961
06.12.18,8660.030273
07.12.18,8741.030273
10.12.18,8551.019531
11.12.18,8715.080078
12.12.18,8861.139648
13.12.18,8814.700195
14.12.18,8713.679688
17.12.18,8602.610352
18.12.18,8528.269531
19.12.18,8540.160156
20.12.18,8414.480469
21.12.18,8417.290039
27.12.18,8195.639648
28.12.18,8429.299805
03.01.19,8466.009766
04.01.19,8608.55957
07.01.19,8535.950195
08.01.19,8629.480469
09.01.19,8687.709961
10.01.19,8801.480469
11.01.19,8828.219727
14.01.19,8760.320313
15.01.19,8824.730469
16.01.19,8873.769531
17.01.19,8914.139648
18.01.19,9023.959961
21.01.19,9011.410156
22.01.19,8966.339844
23.01.19,8957.19043
24.01.19,8937.389648
25.01.19,8922.490234
28.01.19,8857.849609
29.01.19,8940.519531
30.01.19,8965.709961
31.01.19,8969.269531
01.02.19,8996.360352
04.02.19,9011.480469
05.02.19,9150.55957
06.02.19,9143
07.02.19,9035.900391
08.02.19,9003.410156
11.02.19,9068.620117
12.02.19,9127.400391
13.02.19,9164.05957
14.02.19,9142.709961
15.02.19,9242.120117
18.02.19,9267.459961
19.02.19,9256.169922
20.02.19,9315.629883
21.02.19,9333.570313
22.02.19,9348.929688
25.02.19,9398.370117
26.02.19,9461.209961
27.02.19,9412.19043
28.02.19,9388.94043
01.03.19,9412.019531
04.03.19,9394.049805
05.03.19,9399.150391
06.03.19,9403.160156
07.03.19,9324.580078
08.03.19,9268.360352
11.03.19,9341.349609
12.03.19,9331.620117
13.03.19,9387.429688
14.03.19,9481.900391
15.03.19,9483.099609
18.03.19,9496.929688
19.03.19,9525.919922
20.03.19,9463.320313
21.03.19,9454.049805
22.03.19,9319.419922
25.03.19,9305.5
26.03.19,9389.299805
27.03.19,9390.589844
28.03.19,9405.929688
29.03.19,9477.839844
01.04.19,9538.110352
02.04.19,9536.570313
03.04.19,9570.089844
04.04.19,9563.709961
05.04.19,9541.150391
08.04.19,9547.330078
09.04.19,9582.219727
10.04.19,9556.30957
11.04.19,9549.259766
12.04.19,9484.910156
15.04.19,9513.709961
16.04.19,9579.849609
17.04.19,9596.599609
18.04.19,9571.219727
23.04.19,9635.070313
24.04.19,9655.669922
25.04.19,9694.05957
26.04.19,9724.269531
29.04.19,9740.480469
30.04.19,9769.740234
02.05.19,9746.05957
03.05.19,9741.990234
06.05.19,9657.240234
07.05.19,9577.379883
08.05.19,9621.959961
09.05.19,9430.299805
10.05.19,9472.830078
13.05.19,9363.179688
14.05.19,9404.080078
15.05.19,9480.759766
16.05.19,9660.589844
17.05.19,9659.080078
20.05.19,9582.080078
21.05.19,9624.160156
22.05.19,9645.040039
23.05.19,9594.30957
24.05.19,9666.889648
27.05.19,9712.959961
28.05.19,9680.870117
29.05.19,9541.969727
31.05.19,9523.980469
03.06.19,9602.730469
04.06.19,9597.709961
05.06.19,9658.620117
06.06.19,9682.290039
07.06.19,9749.129883
11.06.19,9835.870117
12.06.19,9859.730469
13.06.19,9861.830078
14.06.19,9847.610352
17.06.19,9851.570313
18.06.19,9988.549805
19.06.19,9961.650391
20.06.19,9978.519531
21.06.19,9922.830078
24.06.19,9898.849609
25.06.19,9898.900391
26.06.19,9838.129883
27.06.19,9859.759766
28.06.19,9898.240234
01.07.19,9970
02.07.19,10020.92969
03.07.19,10066.53027
04.07.19,10066.48047
05.07.19,9980.219727
08.07.19,9994.099609
09.07.19,9961.339844
10.07.19,9937.55957
11.07.19,9879.530273
12.07.19,9762.980469
15.07.19,9808.580078
16.07.19,9850.519531
17.07.19,9942.009766
18.07.19,10010.15039
19.07.19,9937.030273
22.07.19,9922.370117
23.07.19,9965.150391
24.07.19,9907.679688
25.07.19,9877.030273
26.07.19,9968.080078
29.07.19,9970.870117
30.07.19,9890.900391
31.07.19,9919.269531
02.08.19,9803.69043
05.08.19,9599.429688
06.08.19,9553.879883
07.08.19,9533.980469
08.08.19,9751.549805
09.08.19,9749.919922
12.08.19,9760.019531
13.08.19,9786.240234
14.08.19,9628.480469
15.08.19,9606.259766
16.08.19,9728.389648
19.08.19,9825.589844
20.08.19,9770.389648
21.08.19,9848.110352
22.08.19,9805.5
23.08.19,9744.980469
26.08.19,9715.830078
27.08.19,9786.080078
28.08.19,9758.19043
29.08.19,9838.480469
30.08.19,9895.650391
02.09.19,9924.540039
03.09.19,9852.700195
04.09.19,9894.599609
05.09.19,9983.070313
06.09.19,10073.82031
09.09.19,10059.37012
10.09.19,10020.48047
11.09.19,10098.58984
12.09.19,10094.08984
13.09.19,10047.33984
16.09.19,9969.19043
17.09.19,10013.82031
18.09.19,10018.83984
19.09.19,10064.45996
20.09.19,10056.83008
23.09.19,9997.389648
24.09.19,9991.30957
25.09.19,9914.820313
26.09.19,10010.70996
27.09.19,10037.80957
30.09.19,10078.32031
01.10.19,9952.5
02.10.19,9757.280273
03.10.19,9760.44043
04.10.19,9827.719727
07.10.19,9914.05957
08.10.19,9800.240234
09.10.19,9830.049805
10.10.19,9903.019531
11.10.19,10017.38965
14.10.19,9964.240234
15.10.19,10048.75
16.10.19,10032.49023
17.10.19,10008.94043
18.10.19,9965.490234
21.10.19,9991.419922
22.10.19,10017.34961
23.10.19,10023.51953
24.10.19,10106.53027
25.10.19,10197.08984
28.10.19,10231.79981
29.10.19,10257.69043
30.10.19,10254.9502
31.10.19,10219.82031
01.11.19,10252.24023
04.11.19,10337.07031
05.11.19,10272.98047
06.11.19,10318.09961
07.11.19,10326.78027
08.11.19,10309.23047
11.11.19,10305.26953
12.11.19,10314.16016
13.11.19,10299.21973
14.11.19,10233.23047
15.11.19,10310.12012
18.11.19,10347.17969
19.11.19,10366.01953
20.11.19,10385.74023
21.11.19,10338.34961
22.11.19,10369.44043
25.11.19,10468.62012
26.11.19,10506.92969
27.11.19,10529.25977
28.11.19,10529.13965
29.11.19,10493.24023
02.12.19,10346.95996
03.12.19,10232.92969
04.12.19,10334.55957
05.12.19,10363.5
06.12.19,10463.87988
09.12.19,10434.88965
10.12.19,10390.53027
11.12.19,10405.30957
12.12.19,10451.36035
13.12.19,10429.26953
16.12.19,10541.66992
17.12.19,10538.88965
18.12.19,10556.74023
19.12.19,10575.15039
20.12.19,10679.37012
23.12.19,10724.33984
27.12.19,10730.15039
30.12.19,10616.94043
03.01.20,10699.82031
06.01.20,10665.41016
07.01.20,10683.66992
08.01.20,10652.16016
09.01.20,10650.96973
10.01.20,10639.49023
13.01.20,10622.41016
14.01.20,10655.82031
15.01.20,10670.74023
16.01.20,10693.51953
17.01.20,10841.82031
20.01.20,10846.29004
21.01.20,10884.50977
22.01.20,10895.07031
23.01.20,10813.94043
24.01.20,10849.75
27.01.20,10675.95996
28.01.20,10781.98047
29.01.20,10859.87988
30.01.20,10748.91992
31.01.20,10627.87988
03.02.20,10664.9502
04.02.20,10800.63965
05.02.20,10994.15039
06.02.20,11012.36035
07.02.20,11001.53027
10.02.20,11039.78027
11.02.20,11101.16992
12.02.20,11089.24023
13.02.20,11092.34961
14.02.20,11128.80957
17.02.20,11168.4502
18.02.20,11146.28027
19.02.20,11263.00977
20.02.20,11154.53027
21.02.20,11110.78027
24.02.20,10712.83984
25.02.20,10478.50977
26.02.20,10512.15039
27.02.20,10205.45996
28.02.20,9831.030273
02.03.20,9950.830078
03.03.20,10087.40039
04.03.20,10251.38965
05.03.20,10143.57031
06.03.20,9736.820313
09.03.20,9196.599609
10.03.20,9195.929688
11.03.20,9152.5
12.03.20,8270.44043
13.03.20,8367.55957
16.03.20,8227.080078
17.03.20,8493.040039
18.03.20,8338.740234
19.03.20,8782.240234
20.03.20,8623.860352
23.03.20,8160.790039
24.03.20,8733.320313
25.03.20,8989.160156
26.03.20,9203.980469
27.03.20,8996.370117
30.03.20,9174.389648
31.03.20,9311.919922
01.04.20,9168.980469
02.04.20,9270.959961
03.04.20,9242.44043
06.04.20,9462.339844
07.04.20,9514.599609
08.04.20,9432.389648
09.04.20,9452.830078
14.04.20,9538.610352
15.04.20,9320.200195
16.04.20,9439.910156
17.04.20,9612.830078
20.04.20,9785.269531
21.04.20,9547.849609
22.04.20,9630.55957
23.04.20,9625.480469
24.04.20,9625.650391
27.04.20,9758.820313
28.04.20,9889.459961
29.04.20,9865.320313